timestamp,kw_energy_consumption
datetime,float
T,
7/2/10 0:00,61.096
7/2/10 1:00,114.058
7/2/10 2:00,268.75
7/2/10 3:00,397.992
7/2/10 4:00,272.63
7/2/10 5:00,90.956
7/2/10 6:00,82.484
7/2/10 7:00,151.38
7/2/10 8:00,218.368
7/2/10 9:00,309.664
7/2/10 10:00,298.754
7/2/10 11:00,221.114
7/2/10 12:00,329.308
7/2/10 13:00,198.116
7/2/10 14:00,114.382
7/2/10 15:00,35.492
7/2/10 16:00,1.434
7/2/10 17:00,0
7/2/10 18:00,0
7/2/10 19:00,0
7/2/10 20:00,0
7/2/10 21:00,0
7/2/10 22:00,0
7/2/10 23:00,0
7/3/10 0:00,0
7/3/10 1:00,0
7/3/10 2:00,0
7/3/10 3:00,0
7/3/10 4:00,0
7/3/10 5:00,0
7/3/10 6:00,0
7/3/10 7:00,0
7/3/10 8:00,0
7/3/10 9:00,0
7/3/10 10:00,0
7/3/10 11:00,0
7/3/10 12:00,0
7/3/10 13:00,0
7/3/10 14:00,0
7/3/10 15:00,0
7/3/10 16:00,0
7/3/10 17:00,0
7/3/10 18:00,0
7/3/10 19:00,0
7/3/10 20:00,9.686
7/3/10 21:00,41.286
7/3/10 22:00,72.636
7/3/10 23:00,228.21
7/4/10 0:00,259.634
7/4/10 1:00,347.758
7/4/10 2:00,397.024
7/4/10 3:00,606.958
7/4/10 4:00,637.404
7/4/10 5:00,619.984
7/4/10 6:00,623.936
7/4/10 7:00,243.776
7/4/10 8:00,234.79
7/4/10 9:00,154.12
7/4/10 10:00,183.584
7/4/10 11:00,170.158
7/4/10 12:00,178.156
7/4/10 13:00,113.954
7/4/10 14:00,76.96
7/4/10 15:00,16.454
7/4/10 16:00,0
7/4/10 17:00,0
7/4/10 18:00,0
7/4/10 19:00,0
7/4/10 20:00,0
7/4/10 21:00,0
7/4/10 22:00,0
7/4/10 23:00,0
7/5/10 0:00,0
7/5/10 1:00,0
7/5/10 2:00,0
7/5/10 3:00,0
7/5/10 4:00,0
7/5/10 5:00,0
7/5/10 6:00,0
7/5/10 7:00,0
7/5/10 8:00,0
7/5/10 9:00,0
7/5/10 10:00,0
7/5/10 11:00,0
7/5/10 12:00,0
7/5/10 13:00,0
7/5/10 14:00,0
7/5/10 15:00,0
7/5/10 16:00,0
7/5/10 17:00,0
7/5/10 18:00,0
7/5/10 19:00,0
7/5/10 20:00,3.502
7/5/10 21:00,24.17
7/5/10 22:00,52.454
7/5/10 23:00,96.146
7/6/10 0:00,136.316
7/6/10 1:00,201.716
7/6/10 2:00,468.146
7/6/10 3:00,165.796
7/6/10 4:00,300.246
7/6/10 5:00,476.234
7/6/10 6:00,87.094
7/6/10 7:00,189.468
7/6/10 8:00,259.242
7/6/10 9:00,241.942
7/6/10 10:00,180.204
7/6/10 11:00,123.208
7/6/10 12:00,132.302
7/6/10 13:00,163.614
7/6/10 14:00,99.526
7/6/10 15:00,44.664
7/6/10 16:00,2.924
7/6/10 17:00,0
7/6/10 18:00,0
7/6/10 19:00,0
7/6/10 20:00,0
7/6/10 21:00,0
7/6/10 22:00,0
7/6/10 23:00,0
7/7/10 0:00,0
7/7/10 1:00,0
7/7/10 2:00,0
7/7/10 3:00,0
7/7/10 4:00,0
7/7/10 5:00,0
7/7/10 6:00,0
7/7/10 7:00,0
7/7/10 8:00,0
7/7/10 9:00,0
7/7/10 10:00,0
7/7/10 11:00,0
7/7/10 12:00,0
7/7/10 13:00,0
7/7/10 14:00,0
7/7/10 15:00,0
7/7/10 16:00,0
7/7/10 17:00,0
7/7/10 18:00,0
7/7/10 19:00,0
7/7/10 20:00,14.58
7/7/10 21:00,53.328
7/7/10 22:00,139.142
7/7/10 23:00,213.638
7/8/10 0:00,353.232
7/8/10 1:00,393.358
7/8/10 2:00,371.882
7/8/10 3:00,552.316
7/8/10 4:00,514.704
7/8/10 5:00,336.178
7/8/10 6:00,589.042
7/8/10 7:00,621.608
7/8/10 8:00,489.694
7/8/10 9:00,462.31
7/8/10 10:00,510.07
7/8/10 11:00,412.304
7/8/10 12:00,262.722
7/8/10 13:00,185.184
7/8/10 14:00,96.634
7/8/10 15:00,52.716
7/8/10 16:00,7.456
7/8/10 17:00,0
7/8/10 18:00,0
7/8/10 19:00,0
7/8/10 20:00,0
7/8/10 21:00,0
7/8/10 22:00,0
7/8/10 23:00,0
7/9/10 0:00,0
7/9/10 1:00,0
7/9/10 2:00,0
7/9/10 3:00,0
7/9/10 4:00,0
7/9/10 5:00,0
7/9/10 6:00,0
7/9/10 7:00,0
7/9/10 8:00,0
7/9/10 9:00,0
7/9/10 10:00,0
7/9/10 11:00,0
7/9/10 12:00,0
7/9/10 13:00,0
7/9/10 14:00,0
7/9/10 15:00,0
7/9/10 16:00,0
7/9/10 17:00,0
7/9/10 18:00,0
7/9/10 19:00,0
7/9/10 20:00,21.016
7/9/10 21:00,52.682
7/9/10 22:00,102.698
7/9/10 23:00,213.346
7/10/10 0:00,334.976
7/10/10 1:00,457.46
7/10/10 2:00,547.344
7/10/10 3:00,591.056
7/10/10 4:00,561.846
7/10/10 5:00,631.194
7/10/10 6:00,593.666
7/10/10 7:00,480.94
7/10/10 8:00,458.892
7/10/10 9:00,503.336
7/10/10 10:00,398.234
7/10/10 11:00,299.282
7/10/10 12:00,200.96
7/10/10 13:00,171.406
7/10/10 14:00,95.67
7/10/10 15:00,41.476
7/10/10 16:00,6.624
7/10/10 17:00,0
7/10/10 18:00,0
7/10/10 19:00,0
7/10/10 20:00,0
7/10/10 21:00,0
7/10/10 22:00,0
7/10/10 23:00,0
7/11/10 0:00,0
7/11/10 1:00,0
7/11/10 2:00,0
7/11/10 3:00,0
7/11/10 4:00,0
7/11/10 5:00,0
7/11/10 6:00,0
7/11/10 7:00,0
7/11/10 8:00,0
7/11/10 9:00,0
7/11/10 10:00,0
7/11/10 11:00,0
7/11/10 12:00,0
7/11/10 13:00,0
7/11/10 14:00,0
7/11/10 15:00,0
7/11/10 16:00,0
7/11/10 17:00,0
7/11/10 18:00,0
7/11/10 19:00,0
7/11/10 20:00,17.22
7/11/10 21:00,52.798
7/11/10 22:00,105.146
7/11/10 23:00,165.384
7/12/10 0:00,294.492
7/12/10 1:00,387.388
7/12/10 2:00,326.328
7/12/10 3:00,331.884
7/12/10 4:00,487.608
7/12/10 5:00,496.208
7/12/10 6:00,553.182
7/12/10 7:00,478.2
7/12/10 8:00,501.638
7/12/10 9:00,253.664
7/12/10 10:00,247.296
7/12/10 11:00,297.268
7/12/10 12:00,203.304
7/12/10 13:00,194.874
7/12/10 14:00,51.672
7/12/10 15:00,11.17
7/12/10 16:00,0
7/12/10 17:00,0
7/12/10 18:00,0
7/12/10 19:00,0
7/12/10 20:00,0
7/12/10 21:00,0
7/12/10 22:00,0
7/12/10 23:00,0
7/13/10 0:00,0
7/13/10 1:00,0
7/13/10 2:00,0
7/13/10 3:00,0
7/13/10 4:00,0
7/13/10 5:00,0
7/13/10 6:00,0
7/13/10 7:00,0
7/13/10 8:00,0
7/13/10 9:00,0
7/13/10 10:00,0
7/13/10 11:00,0
7/13/10 12:00,0
7/13/10 13:00,0
7/13/10 14:00,0
7/13/10 15:00,0
7/13/10 16:00,0
7/13/10 17:00,0
7/13/10 18:00,0
7/13/10 19:00,0
7/13/10 20:00,9.04
7/13/10 21:00,27.86
7/13/10 22:00,107.762
7/13/10 23:00,240.184
7/14/10 0:00,234.566
7/14/10 1:00,294.11
7/14/10 2:00,373.452
7/14/10 3:00,488.184
7/14/10 4:00,476.364
7/14/10 5:00,224.012
7/14/10 6:00,326.74
7/14/10 7:00,284.508
7/14/10 8:00,380.452
7/14/10 9:00,258.654
7/14/10 10:00,176.592
7/14/10 11:00,358.538
7/14/10 12:00,140.622
7/14/10 13:00,343.876
7/14/10 14:00,74.85
7/14/10 15:00,23.672
7/14/10 16:00,10.212
7/14/10 17:00,0
7/14/10 18:00,0
7/14/10 19:00,0
7/14/10 20:00,0
7/14/10 21:00,0
7/14/10 22:00,0
7/14/10 23:00,0
7/15/10 0:00,0
7/15/10 1:00,0
7/15/10 2:00,0
7/15/10 3:00,0
7/15/10 4:00,0
7/15/10 5:00,0
7/15/10 6:00,0
7/15/10 7:00,0
7/15/10 8:00,0
7/15/10 9:00,0
7/15/10 10:00,0
7/15/10 11:00,0
7/15/10 12:00,0
7/15/10 13:00,0
7/15/10 14:00,0
7/15/10 15:00,0
7/15/10 16:00,0
7/15/10 17:00,0
7/15/10 18:00,0
7/15/10 19:00,0
7/15/10 20:00,9.48
7/15/10 21:00,28.312
7/15/10 22:00,101.692
7/15/10 23:00,238.222
7/16/10 0:00,385.532
7/16/10 1:00,517.406
7/16/10 2:00,608.472
7/16/10 3:00,637.342
7/16/10 4:00,636.558
7/16/10 5:00,638.288
7/16/10 6:00,636.266
7/16/10 7:00,636.76
7/16/10 8:00,638.674
7/16/10 9:00,629.92
7/16/10 10:00,576.838
7/16/10 11:00,506.158
7/16/10 12:00,418.498
7/16/10 13:00,293.62
7/16/10 14:00,110.424
7/16/10 15:00,24.094
7/16/10 16:00,5.9
7/16/10 17:00,0
7/16/10 18:00,0
7/16/10 19:00,0
7/16/10 20:00,0
7/16/10 21:00,0
7/16/10 22:00,0
7/16/10 23:00,0
7/17/10 0:00,0
7/17/10 1:00,0
7/17/10 2:00,0
7/17/10 3:00,0
7/17/10 4:00,0
7/17/10 5:00,0
7/17/10 6:00,0
7/17/10 7:00,0
7/17/10 8:00,0
7/17/10 9:00,0
7/17/10 10:00,0
7/17/10 11:00,0
7/17/10 12:00,0
7/17/10 13:00,0
7/17/10 14:00,0
7/17/10 15:00,0
7/17/10 16:00,0
7/17/10 17:00,0
7/17/10 18:00,0
7/17/10 19:00,0
7/17/10 20:00,0.162
7/17/10 21:00,9.826
7/17/10 22:00,3.488
7/17/10 23:00,26.908
7/18/10 0:00,179.87
7/18/10 1:00,129.648
7/18/10 2:00,492.938
7/18/10 3:00,122.21
7/18/10 4:00,263.33
7/18/10 5:00,267.428
7/18/10 6:00,144.76
7/18/10 7:00,178.168
7/18/10 8:00,287.162
7/18/10 9:00,187.946
7/18/10 10:00,154.634
7/18/10 11:00,106.8
7/18/10 12:00,310.018
7/18/10 13:00,150.4
7/18/10 14:00,74.716
7/18/10 15:00,23.686
7/18/10 16:00,9.108
7/18/10 17:00,0
7/18/10 18:00,0
7/18/10 19:00,0
7/18/10 20:00,0
7/18/10 21:00,0
7/18/10 22:00,0
7/18/10 23:00,0
7/19/10 0:00,0
7/19/10 1:00,0
7/19/10 2:00,0
7/19/10 3:00,0
7/19/10 4:00,0
7/19/10 5:00,0
7/19/10 6:00,0
7/19/10 7:00,0
7/19/10 8:00,0
7/19/10 9:00,0
7/19/10 10:00,0
7/19/10 11:00,0
7/19/10 12:00,0
7/19/10 13:00,0
7/19/10 14:00,0
7/19/10 15:00,0
7/19/10 16:00,0
7/19/10 17:00,0
7/19/10 18:00,0
7/19/10 19:00,0
7/19/10 20:00,25.4
7/19/10 21:00,55.894
7/19/10 22:00,103.67
7/19/10 23:00,227.984
7/20/10 0:00,375.958
7/20/10 1:00,470.972
7/20/10 2:00,398.028
7/20/10 3:00,516.784
7/20/10 4:00,530.194
7/20/10 5:00,408.55
7/20/10 6:00,100.896
7/20/10 7:00,372.638
7/20/10 8:00,407.992
7/20/10 9:00,405.728
7/20/10 10:00,338.962
7/20/10 11:00,574.036
7/20/10 12:00,459.882
7/20/10 13:00,291.098
7/20/10 14:00,176.668
7/20/10 15:00,31.778
7/20/10 16:00,15.092
7/20/10 17:00,0
7/20/10 18:00,0
7/20/10 19:00,0
7/20/10 20:00,0
7/20/10 21:00,0
7/20/10 22:00,0
7/20/10 23:00,0
7/21/10 0:00,0
7/21/10 1:00,0
7/21/10 2:00,0
7/21/10 3:00,0
7/21/10 4:00,0
7/21/10 5:00,0
7/21/10 6:00,0
7/21/10 7:00,0
7/21/10 8:00,0
7/21/10 9:00,0
7/21/10 10:00,0
7/21/10 11:00,0
7/21/10 12:00,0
7/21/10 13:00,0
7/21/10 14:00,0
7/21/10 15:00,0
7/21/10 16:00,0
7/21/10 17:00,0
7/21/10 18:00,0
7/21/10 19:00,0
7/21/10 20:00,15.346
7/21/10 21:00,39.734
7/21/10 22:00,118.092
7/21/10 23:00,250.092
7/22/10 0:00,390.646
7/22/10 1:00,515.278
7/22/10 2:00,604.666
7/22/10 3:00,635.926
7/22/10 4:00,635.846
7/22/10 5:00,637.844
7/22/10 6:00,637.356
7/22/10 7:00,637.494
7/22/10 8:00,638.406
7/22/10 9:00,634.06
7/22/10 10:00,591.862
7/22/10 11:00,519.858
7/22/10 12:00,430.872
7/22/10 13:00,310.248
7/22/10 14:00,131.61
7/22/10 15:00,26.26
7/22/10 16:00,7.17
7/22/10 17:00,0
7/22/10 18:00,0
7/22/10 19:00,0
7/22/10 20:00,0
7/22/10 21:00,0
7/22/10 22:00,0
7/22/10 23:00,0
7/23/10 0:00,0
7/23/10 1:00,0
7/23/10 2:00,0
7/23/10 3:00,0
7/23/10 4:00,0
7/23/10 5:00,0
7/23/10 6:00,0
7/23/10 7:00,0
7/23/10 8:00,0
7/23/10 9:00,0
7/23/10 10:00,0
7/23/10 11:00,0
7/23/10 12:00,0
7/23/10 13:00,0
7/23/10 14:00,0
7/23/10 15:00,0
7/23/10 16:00,0
7/23/10 17:00,0
7/23/10 18:00,0
7/23/10 19:00,0
7/23/10 20:00,5.554
7/23/10 21:00,42.248
7/23/10 22:00,57.39
7/23/10 23:00,64.73
7/24/10 0:00,61.436
7/24/10 1:00,59.578
7/24/10 2:00,116.504
7/24/10 3:00,157.956
7/24/10 4:00,146.666
7/24/10 5:00,200.898
7/24/10 6:00,497.208
7/24/10 7:00,543.158
7/24/10 8:00,436.802
7/24/10 9:00,326.03
7/24/10 10:00,293.06
7/24/10 11:00,314.45
7/24/10 12:00,209.908
7/24/10 13:00,157.646
7/24/10 14:00,79.01
7/24/10 15:00,28.732
7/24/10 16:00,0.898
7/24/10 17:00,0
7/24/10 18:00,0
7/24/10 19:00,0
7/24/10 20:00,0
7/24/10 21:00,0
7/24/10 22:00,0
7/24/10 23:00,0
7/25/10 0:00,0
7/25/10 1:00,0
7/25/10 2:00,0
7/25/10 3:00,0
7/25/10 4:00,0
7/25/10 5:00,0
7/25/10 6:00,0
7/25/10 7:00,0
7/25/10 8:00,0
7/25/10 9:00,0
7/25/10 10:00,0
7/25/10 11:00,0
7/25/10 12:00,0
7/25/10 13:00,0
7/25/10 14:00,0
7/25/10 15:00,0
7/25/10 16:00,0
7/25/10 17:00,0
7/25/10 18:00,0
7/25/10 19:00,0
7/25/10 20:00,14.236
7/25/10 21:00,40.246
7/25/10 22:00,69.412
7/25/10 23:00,97.864
7/26/10 0:00,191.024
7/26/10 1:00,251.814
7/26/10 2:00,215.696
7/26/10 3:00,512.66
7/26/10 4:00,376.402
7/26/10 5:00,406.582
7/26/10 6:00,323.954
7/26/10 7:00,455.674
7/26/10 8:00,215.874
7/26/10 9:00,267.346
7/26/10 10:00,102.644
7/26/10 11:00,59.2
7/26/10 12:00,37.266
7/26/10 13:00,21.134
7/26/10 14:00,4.182
7/26/10 15:00,0
7/26/10 16:00,0
7/26/10 17:00,0
7/26/10 18:00,0
7/26/10 19:00,0
7/26/10 20:00,0
7/26/10 21:00,0
7/26/10 22:00,0
7/26/10 23:00,0
7/27/10 0:00,0
7/27/10 1:00,0
7/27/10 2:00,0
7/27/10 3:00,0
7/27/10 4:00,0
7/27/10 5:00,0
7/27/10 6:00,0
7/27/10 7:00,0
7/27/10 8:00,0
7/27/10 9:00,0
7/27/10 10:00,0
7/27/10 11:00,0
7/27/10 12:00,0
7/27/10 13:00,0
7/27/10 14:00,0
7/27/10 15:00,0
7/27/10 16:00,0
7/27/10 17:00,0
7/27/10 18:00,0
7/27/10 19:00,0.076
7/27/10 20:00,6.236
7/27/10 21:00,3.418
7/27/10 22:00,40.126
7/27/10 23:00,129.102
7/28/10 0:00,346.758
7/28/10 1:00,449.924
7/28/10 2:00,437.044
7/28/10 3:00,256.4
7/28/10 4:00,592.104
7/28/10 5:00,620.208
7/28/10 6:00,542.764
7/28/10 7:00,506.066
7/28/10 8:00,293.206
7/28/10 9:00,227.49
7/28/10 10:00,360.344
7/28/10 11:00,262.846
7/28/10 12:00,105.202
7/28/10 13:00,45.502
7/28/10 14:00,4.332
7/28/10 15:00,0
7/28/10 16:00,0
7/28/10 17:00,0
7/28/10 18:00,0
7/28/10 19:00,0
7/28/10 20:00,0
7/28/10 21:00,0
7/28/10 22:00,0
7/28/10 23:00,0
7/29/10 0:00,0
7/29/10 1:00,0
7/29/10 2:00,0
7/29/10 3:00,0
7/29/10 4:00,0
7/29/10 5:00,0
7/29/10 6:00,0
7/29/10 7:00,0
7/29/10 8:00,0
7/29/10 9:00,0
7/29/10 10:00,0
7/29/10 11:00,0
7/29/10 12:00,0
7/29/10 13:00,0
7/29/10 14:00,0
7/29/10 15:00,0
7/29/10 16:00,0
7/29/10 17:00,0
7/29/10 18:00,0
7/29/10 19:00,0
7/29/10 20:00,0.714
7/29/10 21:00,31.316
7/29/10 22:00,42.81
7/29/10 23:00,213.364
7/30/10 0:00,416.936
7/30/10 1:00,396.328
7/30/10 2:00,277.176
7/30/10 3:00,319.212
7/30/10 4:00,293.75
7/30/10 5:00,177.266
7/30/10 6:00,105.68
7/30/10 7:00,86.432
7/30/10 8:00,89.4
7/30/10 9:00,68.002
7/30/10 10:00,69.036
7/30/10 11:00,108.816
7/30/10 12:00,80.902
7/30/10 13:00,39.042
7/30/10 14:00,30.004
7/30/10 15:00,16.76
7/30/10 16:00,1.09
7/30/10 17:00,0
7/30/10 18:00,0
7/30/10 19:00,0
7/30/10 20:00,0
7/30/10 21:00,0
7/30/10 22:00,0
7/30/10 23:00,0
7/31/10 0:00,0
7/31/10 1:00,0
7/31/10 2:00,0
7/31/10 3:00,0
7/31/10 4:00,0
7/31/10 5:00,0
7/31/10 6:00,0
7/31/10 7:00,0
7/31/10 8:00,0
7/31/10 9:00,0
7/31/10 10:00,0
7/31/10 11:00,0
7/31/10 12:00,0
7/31/10 13:00,0
7/31/10 14:00,0
7/31/10 15:00,0
7/31/10 16:00,0
7/31/10 17:00,0
7/31/10 18:00,0
7/31/10 19:00,0
7/31/10 20:00,17.32
7/31/10 21:00,48.856
7/31/10 22:00,142.736
7/31/10 23:00,271.772
8/1/10 0:00,395.12
8/1/10 1:00,536.694
8/1/10 2:00,378.484
8/1/10 3:00,458.18
8/1/10 4:00,539.136
8/1/10 5:00,582.804
8/1/10 6:00,542.452
8/1/10 7:00,482.506
8/1/10 8:00,622.08
8/1/10 9:00,607.748
8/1/10 10:00,392.618
8/1/10 11:00,142.48
8/1/10 12:00,109.178
8/1/10 13:00,99.132
8/1/10 14:00,45.984
8/1/10 15:00,39.47
8/1/10 16:00,10.932
8/1/10 17:00,0
8/1/10 18:00,0
8/1/10 19:00,0
8/1/10 20:00,0
8/1/10 21:00,0
8/1/10 22:00,0
8/1/10 23:00,0
8/2/10 0:00,0
8/2/10 1:00,0
8/2/10 2:00,0
8/2/10 3:00,0
8/2/10 4:00,0
8/2/10 5:00,0
8/2/10 6:00,0
8/2/10 7:00,0
8/2/10 8:00,0
8/2/10 9:00,0
8/2/10 10:00,0
8/2/10 11:00,0
8/2/10 12:00,0
8/2/10 13:00,0
8/2/10 14:00,0
8/2/10 15:00,0
8/2/10 16:00,0
8/2/10 17:00,0
8/2/10 18:00,0
8/2/10 19:00,3.214
8/2/10 20:00,26.56
8/2/10 21:00,57.956
8/2/10 22:00,142.96
8/2/10 23:00,182.512
8/3/10 0:00,282.866
8/3/10 1:00,270.868
8/3/10 2:00,254.894
8/3/10 3:00,343.426
8/3/10 4:00,554.296
8/3/10 5:00,578.124
8/3/10 6:00,637.04
8/3/10 7:00,636.902
8/3/10 8:00,572.102
8/3/10 9:00,621.624
8/3/10 10:00,294.876
8/3/10 11:00,80.604
8/3/10 12:00,99.342
8/3/10 13:00,72.57
8/3/10 14:00,82.318
8/3/10 15:00,32.074
8/3/10 16:00,11.1
8/3/10 17:00,0
8/3/10 18:00,0
8/3/10 19:00,0
8/3/10 20:00,0
8/3/10 21:00,0
8/3/10 22:00,0
8/3/10 23:00,0
8/4/10 0:00,0
8/4/10 1:00,0
8/4/10 2:00,0
8/4/10 3:00,0
8/4/10 4:00,0
8/4/10 5:00,0
8/4/10 6:00,0
8/4/10 7:00,0
8/4/10 8:00,0
8/4/10 9:00,0
8/4/10 10:00,0
8/4/10 11:00,0
8/4/10 12:00,0
8/4/10 13:00,0
8/4/10 14:00,0
8/4/10 15:00,0
8/4/10 16:00,0
8/4/10 17:00,0
8/4/10 18:00,0
8/4/10 19:00,0.346
8/4/10 20:00,20.736
8/4/10 21:00,54.972
8/4/10 22:00,151.308
8/4/10 23:00,293.226
8/5/10 0:00,443.368
8/5/10 1:00,543.212
8/5/10 2:00,625.536
8/5/10 3:00,635.738
8/5/10 4:00,602.27
8/5/10 5:00,514.322
8/5/10 6:00,625.706
8/5/10 7:00,635.452
8/5/10 8:00,636.964
8/5/10 9:00,636.496
8/5/10 10:00,615.764
8/5/10 11:00,547.298
8/5/10 12:00,456.468
8/5/10 13:00,331.99
8/5/10 14:00,167.868
8/5/10 15:00,50.856
8/5/10 16:00,22.466
8/5/10 17:00,0.038
8/5/10 18:00,0
8/5/10 19:00,0
8/5/10 20:00,0
8/5/10 21:00,0
8/5/10 22:00,0
8/5/10 23:00,0
8/6/10 0:00,0
8/6/10 1:00,0
8/6/10 2:00,0
8/6/10 3:00,0
8/6/10 4:00,0
8/6/10 5:00,0
8/6/10 6:00,0
8/6/10 7:00,0
8/6/10 8:00,0
8/6/10 9:00,0
8/6/10 10:00,0
8/6/10 11:00,0
8/6/10 12:00,0
8/6/10 13:00,0
8/6/10 14:00,0
8/6/10 15:00,0
8/6/10 16:00,0
8/6/10 17:00,0
8/6/10 18:00,0
8/6/10 19:00,2.344
8/6/10 20:00,28.92
8/6/10 21:00,68.904
8/6/10 22:00,131.936
8/6/10 23:00,258.14
8/7/10 0:00,408.538
8/7/10 1:00,529.42
8/7/10 2:00,610.594
8/7/10 3:00,636.186
8/7/10 4:00,636.254
8/7/10 5:00,636.388
8/7/10 6:00,612.598
8/7/10 7:00,572.328
8/7/10 8:00,529.036
8/7/10 9:00,522.1
8/7/10 10:00,527.822
8/7/10 11:00,456.7
8/7/10 12:00,281.27
8/7/10 13:00,165.288
8/7/10 14:00,90.2
8/7/10 15:00,38.236
8/7/10 16:00,6.756
8/7/10 17:00,0
8/7/10 18:00,0
8/7/10 19:00,0
8/7/10 20:00,0
8/7/10 21:00,0
8/7/10 22:00,0
8/7/10 23:00,0
8/8/10 0:00,0
8/8/10 1:00,0
8/8/10 2:00,0
8/8/10 3:00,0
8/8/10 4:00,0
8/8/10 5:00,0
8/8/10 6:00,0
8/8/10 7:00,0
8/8/10 8:00,0
8/8/10 9:00,0
8/8/10 10:00,0
8/8/10 11:00,0
8/8/10 12:00,0
8/8/10 13:00,0
8/8/10 14:00,0
8/8/10 15:00,0
8/8/10 16:00,0
8/8/10 17:00,0
8/8/10 18:00,0
8/8/10 19:00,0
8/8/10 20:00,0
8/8/10 21:00,2.962
8/8/10 22:00,25.41
8/8/10 23:00,28.616
8/9/10 0:00,32.312
8/9/10 1:00,39.018
8/9/10 2:00,43.722
8/9/10 3:00,27.216
8/9/10 4:00,57.57
8/9/10 5:00,65.918
8/9/10 6:00,99.884
8/9/10 7:00,131.636
8/9/10 8:00,97.67
8/9/10 9:00,60.538
8/9/10 10:00,28.948
8/9/10 11:00,18.308
8/9/10 12:00,17.114
8/9/10 13:00,28.866
8/9/10 14:00,5.772
8/9/10 15:00,0
8/9/10 16:00,0
8/9/10 17:00,0
8/9/10 18:00,0
8/9/10 19:00,0
8/9/10 20:00,0
8/9/10 21:00,0
8/9/10 22:00,0
8/9/10 23:00,0
8/10/10 0:00,0
8/10/10 1:00,0
8/10/10 2:00,0
8/10/10 3:00,0
8/10/10 4:00,0
8/10/10 5:00,0
8/10/10 6:00,0
8/10/10 7:00,0
8/10/10 8:00,0
8/10/10 9:00,0
8/10/10 10:00,0
8/10/10 11:00,0
8/10/10 12:00,0
8/10/10 13:00,0
8/10/10 14:00,0
8/10/10 15:00,0
8/10/10 16:00,0
8/10/10 17:00,0
8/10/10 18:00,0
8/10/10 19:00,2.51
8/10/10 20:00,38.146
8/10/10 21:00,90.538
8/10/10 22:00,164.214
8/10/10 23:00,294.668
8/11/10 0:00,403.69
8/11/10 1:00,547.348
8/11/10 2:00,633.364
8/11/10 3:00,625.036
8/11/10 4:00,583.14
8/11/10 5:00,454.02
8/11/10 6:00,304.766
8/11/10 7:00,612.15
8/11/10 8:00,310.516
8/11/10 9:00,629.548
8/11/10 10:00,422.288
8/11/10 11:00,389.978
8/11/10 12:00,122.53
8/11/10 13:00,349.304
8/11/10 14:00,147.338
8/11/10 15:00,65.918
8/11/10 16:00,18.174
8/11/10 17:00,0
8/11/10 18:00,0
8/11/10 19:00,0
8/11/10 20:00,0
8/11/10 21:00,0
8/11/10 22:00,0
8/11/10 23:00,0
8/12/10 0:00,0
8/12/10 1:00,0
8/12/10 2:00,0
8/12/10 3:00,0
8/12/10 4:00,0
8/12/10 5:00,0
8/12/10 6:00,0
8/12/10 7:00,0
8/12/10 8:00,0
8/12/10 9:00,0
8/12/10 10:00,0
8/12/10 11:00,0
8/12/10 12:00,0
8/12/10 13:00,0
8/12/10 14:00,0
8/12/10 15:00,0
8/12/10 16:00,0
8/12/10 17:00,0
8/12/10 18:00,0
8/12/10 19:00,0
8/12/10 20:00,10.026
8/12/10 21:00,22.276
8/12/10 22:00,39.626
8/12/10 23:00,112.982
8/13/10 0:00,236.01
8/13/10 1:00,419.968
8/13/10 2:00,549.172
8/13/10 3:00,457.188
8/13/10 4:00,399.932
8/13/10 5:00,367.718
8/13/10 6:00,402.558
8/13/10 7:00,361.462
8/13/10 8:00,432.852
8/13/10 9:00,384.176
8/13/10 10:00,324.57
8/13/10 11:00,296.396
8/13/10 12:00,198.95
8/13/10 13:00,143.238
8/13/10 14:00,81.926
8/13/10 15:00,47.864
8/13/10 16:00,9.79
8/13/10 17:00,0
8/13/10 18:00,0
8/13/10 19:00,0
8/13/10 20:00,0
8/13/10 21:00,0
8/13/10 22:00,0
8/13/10 23:00,0
8/14/10 0:00,0
8/14/10 1:00,0
8/14/10 2:00,0
8/14/10 3:00,0
8/14/10 4:00,0
8/14/10 5:00,0
8/14/10 6:00,0
8/14/10 7:00,0
8/14/10 8:00,0
8/14/10 9:00,0
8/14/10 10:00,0
8/14/10 11:00,0
8/14/10 12:00,0
8/14/10 13:00,0
8/14/10 14:00,0
8/14/10 15:00,0
8/14/10 16:00,0
8/14/10 17:00,0
8/14/10 18:00,0
8/14/10 19:00,3.128
8/14/10 20:00,43.414
8/14/10 21:00,72.652
8/14/10 22:00,146.818
8/14/10 23:00,227.718
8/15/10 0:00,359.358
8/15/10 1:00,433.612
8/15/10 2:00,539.606
8/15/10 3:00,409.346
8/15/10 4:00,322.952
8/15/10 5:00,311.71
8/15/10 6:00,347.984
8/15/10 7:00,343.754
8/15/10 8:00,296.08
8/15/10 9:00,268.934
8/15/10 10:00,182.728
8/15/10 11:00,172.306
8/15/10 12:00,137.288
8/15/10 13:00,171.366
8/15/10 14:00,173.592
8/15/10 15:00,66.986
8/15/10 16:00,29.902
8/15/10 17:00,0.42
8/15/10 18:00,0
8/15/10 19:00,0
8/15/10 20:00,0
8/15/10 21:00,0
8/15/10 22:00,0
8/15/10 23:00,0
8/16/10 0:00,0
8/16/10 1:00,0
8/16/10 2:00,0
8/16/10 3:00,0
8/16/10 4:00,0
8/16/10 5:00,0
8/16/10 6:00,0
8/16/10 7:00,0
8/16/10 8:00,0
8/16/10 9:00,0
8/16/10 10:00,0
8/16/10 11:00,0
8/16/10 12:00,0
8/16/10 13:00,0
8/16/10 14:00,0
8/16/10 15:00,0
8/16/10 16:00,0
8/16/10 17:00,0
8/16/10 18:00,0
8/16/10 19:00,0.228
8/16/10 20:00,26.588
8/16/10 21:00,39.134
8/16/10 22:00,79.372
8/16/10 23:00,131.014
8/17/10 0:00,346.162
8/17/10 1:00,245.508
8/17/10 2:00,430.53
8/17/10 3:00,372
8/17/10 4:00,390.712
8/17/10 5:00,241.056
8/17/10 6:00,324.486
8/17/10 7:00,201.938
8/17/10 8:00,196.456
8/17/10 9:00,226.36
8/17/10 10:00,166.068
8/17/10 11:00,132.626
8/17/10 12:00,112.958
8/17/10 13:00,386.708
8/17/10 14:00,208.142
8/17/10 15:00,63.066
8/17/10 16:00,29.962
8/17/10 17:00,1.722
8/17/10 18:00,0
8/17/10 19:00,0
8/17/10 20:00,0
8/17/10 21:00,0
8/17/10 22:00,0
8/17/10 23:00,0
8/18/10 0:00,0
8/18/10 1:00,0
8/18/10 2:00,0
8/18/10 3:00,0
8/18/10 4:00,0
8/18/10 5:00,0
8/18/10 6:00,0
8/18/10 7:00,0
8/18/10 8:00,0
8/18/10 9:00,0
8/18/10 10:00,0
8/18/10 11:00,0
8/18/10 12:00,0
8/18/10 13:00,0
8/18/10 14:00,0
8/18/10 15:00,0
8/18/10 16:00,0
8/18/10 17:00,0
8/18/10 18:00,0
8/18/10 19:00,4.452
8/18/10 20:00,26.086
8/18/10 21:00,83.538
8/18/10 22:00,201.236
8/18/10 23:00,348.474
8/19/10 0:00,494.282
8/19/10 1:00,599.306
8/19/10 2:00,636.118
8/19/10 3:00,637.418
8/19/10 4:00,640.518
8/19/10 5:00,577.034
8/19/10 6:00,543.388
8/19/10 7:00,609.266
8/19/10 8:00,573.088
8/19/10 9:00,350.83
8/19/10 10:00,364.938
8/19/10 11:00,471.966
8/19/10 12:00,276.426
8/19/10 13:00,181.23
8/19/10 14:00,108.662
8/19/10 15:00,69.976
8/19/10 16:00,40.152
8/19/10 17:00,1.544
8/19/10 18:00,0
8/19/10 19:00,0
8/19/10 20:00,0
8/19/10 21:00,0
8/19/10 22:00,0
8/19/10 23:00,0
8/20/10 0:00,0
8/20/10 1:00,0
8/20/10 2:00,0
8/20/10 3:00,0
8/20/10 4:00,0
8/20/10 5:00,0
8/20/10 6:00,0
8/20/10 7:00,0
8/20/10 8:00,0
8/20/10 9:00,0
8/20/10 10:00,0
8/20/10 11:00,0
8/20/10 12:00,0
8/20/10 13:00,0
8/20/10 14:00,0
8/20/10 15:00,0
8/20/10 16:00,0
8/20/10 17:00,0
8/20/10 18:00,0
8/20/10 19:00,6.196
8/20/10 20:00,40.34
8/20/10 21:00,87.154
8/20/10 22:00,189.974
8/20/10 23:00,317.316
8/21/10 0:00,448.138
8/21/10 1:00,556.59
8/21/10 2:00,627.394
8/21/10 3:00,636.926
8/21/10 4:00,638.032
8/21/10 5:00,638.324
8/21/10 6:00,534.032
8/21/10 7:00,546.448
8/21/10 8:00,455.896
8/21/10 9:00,273.816
8/21/10 10:00,448.52
8/21/10 11:00,174.76
8/21/10 12:00,233.648
8/21/10 13:00,108.362
8/21/10 14:00,58.612
8/21/10 15:00,9.086
8/21/10 16:00,15.392
8/21/10 17:00,0
8/21/10 18:00,0
8/21/10 19:00,0
8/21/10 20:00,0
8/21/10 21:00,0
8/21/10 22:00,0
8/21/10 23:00,0
8/22/10 0:00,0
8/22/10 1:00,0
8/22/10 2:00,0
8/22/10 3:00,0
8/22/10 4:00,0
8/22/10 5:00,0
8/22/10 6:00,0
8/22/10 7:00,0
8/22/10 8:00,0
8/22/10 9:00,0
8/22/10 10:00,0
8/22/10 11:00,0
8/22/10 12:00,0
8/22/10 13:00,0
8/22/10 14:00,0
8/22/10 15:00,0
8/22/10 16:00,0
8/22/10 17:00,0
8/22/10 18:00,0
8/22/10 19:00,9.57
8/22/10 20:00,55.282
8/22/10 21:00,81.592
8/22/10 22:00,181.978
8/22/10 23:00,276.322
8/23/10 0:00,340.122
8/23/10 1:00,469.818
8/23/10 2:00,539.722
8/23/10 3:00,585.05
8/23/10 4:00,621.874
8/23/10 5:00,637.076
8/23/10 6:00,635.856
8/23/10 7:00,637.54
8/23/10 8:00,625.154
8/23/10 9:00,487.31
8/23/10 10:00,152.416
8/23/10 11:00,113.024
8/23/10 12:00,93.294
8/23/10 13:00,84.714
8/23/10 14:00,44.454
8/23/10 15:00,25.816
8/23/10 16:00,9.364
8/23/10 17:00,0
8/23/10 18:00,0
8/23/10 19:00,0
8/23/10 20:00,0
8/23/10 21:00,0
8/23/10 22:00,0
8/23/10 23:00,0
8/24/10 0:00,0
8/24/10 1:00,0
8/24/10 2:00,0
8/24/10 3:00,0
8/24/10 4:00,0
8/24/10 5:00,0
8/24/10 6:00,0
8/24/10 7:00,0
8/24/10 8:00,0
8/24/10 9:00,0
8/24/10 10:00,0
8/24/10 11:00,0
8/24/10 12:00,0
8/24/10 13:00,0
8/24/10 14:00,0
8/24/10 15:00,0
8/24/10 16:00,0
8/24/10 17:00,0
8/24/10 18:00,0
8/24/10 19:00,10.966
8/24/10 20:00,53.05
8/24/10 21:00,105.814
8/24/10 22:00,185.638
8/24/10 23:00,283.116
8/25/10 0:00,381.252
8/25/10 1:00,469.002
8/25/10 2:00,536.726
8/25/10 3:00,580.416
8/25/10 4:00,630.454
8/25/10 5:00,638.706
8/25/10 6:00,639.48
8/25/10 7:00,632.994
8/25/10 8:00,625.098
8/25/10 9:00,606.026
8/25/10 10:00,528.066
8/25/10 11:00,459.362
8/25/10 12:00,388.272
8/25/10 13:00,319.59
8/25/10 14:00,204.338
8/25/10 15:00,76.144
8/25/10 16:00,32.634
8/25/10 17:00,2.696
8/25/10 18:00,0
8/25/10 19:00,0
8/25/10 20:00,0
8/25/10 21:00,0
8/25/10 22:00,0
8/25/10 23:00,0
8/26/10 0:00,0
8/26/10 1:00,0
8/26/10 2:00,0
8/26/10 3:00,0
8/26/10 4:00,0
8/26/10 5:00,0
8/26/10 6:00,0
8/26/10 7:00,0
8/26/10 8:00,0
8/26/10 9:00,0
8/26/10 10:00,0
8/26/10 11:00,0
8/26/10 12:00,0
8/26/10 13:00,0
8/26/10 14:00,0
8/26/10 15:00,0
8/26/10 16:00,0
8/26/10 17:00,0
8/26/10 18:00,0
8/26/10 19:00,7.576
8/26/10 20:00,51.704
8/26/10 21:00,134.006
8/26/10 22:00,80.902
8/26/10 23:00,37.28
8/27/10 0:00,1.836
8/27/10 1:00,8.744
8/27/10 2:00,29.556
8/27/10 3:00,55.274
8/27/10 4:00,18.28
8/27/10 5:00,57.322
8/27/10 6:00,31.548
8/27/10 7:00,38.918
8/27/10 8:00,25.006
8/27/10 9:00,18.224
8/27/10 10:00,35.044
8/27/10 11:00,34.636
8/27/10 12:00,91.884
8/27/10 13:00,48.256
8/27/10 14:00,9.282
8/27/10 15:00,5.84
8/27/10 16:00,21.85
8/27/10 17:00,0.472
8/27/10 18:00,0
8/27/10 19:00,0
8/27/10 20:00,0
8/27/10 21:00,0
8/27/10 22:00,0
8/27/10 23:00,0
8/28/10 0:00,0
8/28/10 1:00,0
8/28/10 2:00,0
8/28/10 3:00,0
8/28/10 4:00,0
8/28/10 5:00,0
8/28/10 6:00,0
8/28/10 7:00,0
8/28/10 8:00,0
8/28/10 9:00,0
8/28/10 10:00,0
8/28/10 11:00,0
8/28/10 12:00,0
8/28/10 13:00,0
8/28/10 14:00,0
8/28/10 15:00,0
8/28/10 16:00,0
8/28/10 17:00,0
8/28/10 18:00,0
8/28/10 19:00,0
8/28/10 20:00,2.934
8/28/10 21:00,10.562
8/28/10 22:00,18.426
8/28/10 23:00,77.082
8/29/10 0:00,172.064
8/29/10 1:00,555.404
8/29/10 2:00,314.002
8/29/10 3:00,561.722
8/29/10 4:00,637.866
8/29/10 5:00,569.074
8/29/10 6:00,585.098
8/29/10 7:00,461.014
8/29/10 8:00,333.46
8/29/10 9:00,308.694
8/29/10 10:00,96.242
8/29/10 11:00,585.456
8/29/10 12:00,178.48
8/29/10 13:00,411.362
8/29/10 14:00,158.264
8/29/10 15:00,58.518
8/29/10 16:00,29.58
8/29/10 17:00,3.26
8/29/10 18:00,0
8/29/10 19:00,0
8/29/10 20:00,0
8/29/10 21:00,0
8/29/10 22:00,0
8/29/10 23:00,0
8/30/10 0:00,0
8/30/10 1:00,0
8/30/10 2:00,0
8/30/10 3:00,0
8/30/10 4:00,0
8/30/10 5:00,0
8/30/10 6:00,0
8/30/10 7:00,0
8/30/10 8:00,0
8/30/10 9:00,0
8/30/10 10:00,0
8/30/10 11:00,0
8/30/10 12:00,0
8/30/10 13:00,0
8/30/10 14:00,0
8/30/10 15:00,0
8/30/10 16:00,0
8/30/10 17:00,0
8/30/10 18:00,0
8/30/10 19:00,9.912
8/30/10 20:00,39.25
8/30/10 21:00,105.632
8/30/10 22:00,236.24
8/30/10 23:00,375.56
8/31/10 0:00,524.826
8/31/10 1:00,260.358
8/31/10 2:00,269.654
8/31/10 3:00,452.244
8/31/10 4:00,521.91
8/31/10 5:00,582.26
8/31/10 6:00,378.132
8/31/10 7:00,250.658
8/31/10 8:00,450.34
8/31/10 9:00,473.898
8/31/10 10:00,287.782
8/31/10 11:00,155.426
8/31/10 12:00,113.868
8/31/10 13:00,266.412
8/31/10 14:00,239.848
8/31/10 15:00,87.918
8/31/10 16:00,55.672
8/31/10 17:00,4.288
8/31/10 18:00,0
8/31/10 19:00,0
8/31/10 20:00,0
8/31/10 21:00,0
8/31/10 22:00,0
8/31/10 23:00,0
9/1/10 0:00,0
9/1/10 1:00,0
9/1/10 2:00,0
9/1/10 3:00,0
9/1/10 4:00,0
9/1/10 5:00,0
9/1/10 6:00,0
9/1/10 7:00,0
9/1/10 8:00,0
9/1/10 9:00,0
9/1/10 10:00,0
9/1/10 11:00,0
9/1/10 12:00,0
9/1/10 13:00,0
9/1/10 14:00,0
9/1/10 15:00,0
9/1/10 16:00,0
9/1/10 17:00,0
9/1/10 18:00,0
9/1/10 19:00,13.138
9/1/10 20:00,44.798
9/1/10 21:00,114.5
9/1/10 22:00,232.336
9/1/10 23:00,366.194
9/2/10 0:00,497.168
9/2/10 1:00,583.972
9/2/10 2:00,616.046
9/2/10 3:00,636.962
9/2/10 4:00,637.412
9/2/10 5:00,637.822
9/2/10 6:00,637.652
9/2/10 7:00,637.456
9/2/10 8:00,638.506
9/2/10 9:00,633.494
9/2/10 10:00,590.926
9/2/10 11:00,530.778
9/2/10 12:00,440.108
9/2/10 13:00,361.536
9/2/10 14:00,234.692
9/2/10 15:00,84.082
9/2/10 16:00,33.26
9/2/10 17:00,5.33
9/2/10 18:00,0
9/2/10 19:00,0
9/2/10 20:00,0
9/2/10 21:00,0
9/2/10 22:00,0
9/2/10 23:00,0
9/3/10 0:00,0
9/3/10 1:00,0
9/3/10 2:00,0
9/3/10 3:00,0
9/3/10 4:00,0
9/3/10 5:00,0
9/3/10 6:00,0
9/3/10 7:00,0
9/3/10 8:00,0
9/3/10 9:00,0
9/3/10 10:00,0
9/3/10 11:00,0
9/3/10 12:00,0
9/3/10 13:00,0
9/3/10 14:00,0
9/3/10 15:00,0
9/3/10 16:00,0
9/3/10 17:00,0
9/3/10 18:00,0
9/3/10 19:00,14.938
9/3/10 20:00,57.014
9/3/10 21:00,113.93
9/3/10 22:00,233.066
9/3/10 23:00,373.122
9/4/10 0:00,450.34
9/4/10 1:00,526.35
9/4/10 2:00,620.458
9/4/10 3:00,631.716
9/4/10 4:00,618.58
9/4/10 5:00,593.862
9/4/10 6:00,637.386
9/4/10 7:00,608.916
9/4/10 8:00,637.244
9/4/10 9:00,636.55
9/4/10 10:00,414.456
9/4/10 11:00,471.392
9/4/10 12:00,449.08
9/4/10 13:00,342.76
9/4/10 14:00,218.196
9/4/10 15:00,89.506
9/4/10 16:00,30.81
9/4/10 17:00,3.77
9/4/10 18:00,0
9/4/10 19:00,0
9/4/10 20:00,0
9/4/10 21:00,0
9/4/10 22:00,0
9/4/10 23:00,0
9/5/10 0:00,0
9/5/10 1:00,0
9/5/10 2:00,0
9/5/10 3:00,0
9/5/10 4:00,0
9/5/10 5:00,0
9/5/10 6:00,0
9/5/10 7:00,0
9/5/10 8:00,0
9/5/10 9:00,0
9/5/10 10:00,0
9/5/10 11:00,0
9/5/10 12:00,0
9/5/10 13:00,0
9/5/10 14:00,0
9/5/10 15:00,0
9/5/10 16:00,0
9/5/10 17:00,0
9/5/10 18:00,0
9/5/10 19:00,1.324
9/5/10 20:00,21.294
9/5/10 21:00,72.926
9/5/10 22:00,134.93
9/5/10 23:00,122.112
9/6/10 0:00,136.124
9/6/10 1:00,279.508
9/6/10 2:00,477.534
9/6/10 3:00,625.394
9/6/10 4:00,638.332
9/6/10 5:00,636.332
9/6/10 6:00,636.248
9/6/10 7:00,622.546
9/6/10 8:00,405.864
9/6/10 9:00,493.488
9/6/10 10:00,258.196
9/6/10 11:00,144.066
9/6/10 12:00,218.01
9/6/10 13:00,207.902
9/6/10 14:00,161.396
9/6/10 15:00,81.05
9/6/10 16:00,37.754
9/6/10 17:00,0.68
9/6/10 18:00,0
9/6/10 19:00,0
9/6/10 20:00,0
9/6/10 21:00,0
9/6/10 22:00,0
9/6/10 23:00,0
9/7/10 0:00,0
9/7/10 1:00,0
9/7/10 2:00,0
9/7/10 3:00,0
9/7/10 4:00,0
9/7/10 5:00,0
9/7/10 6:00,0
9/7/10 7:00,0
9/7/10 8:00,0
9/7/10 9:00,0
9/7/10 10:00,0
9/7/10 11:00,0
9/7/10 12:00,0
9/7/10 13:00,0
9/7/10 14:00,0
9/7/10 15:00,0
9/7/10 16:00,0
9/7/10 17:00,0
9/7/10 18:00,0
9/7/10 19:00,25.798
9/7/10 20:00,71.204
9/7/10 21:00,129.146
9/7/10 22:00,261.524
9/7/10 23:00,259.294
9/8/10 0:00,356.586
9/8/10 1:00,344.396
9/8/10 2:00,459.984
9/8/10 3:00,571.176
9/8/10 4:00,460.702
9/8/10 5:00,424.782
9/8/10 6:00,411.804
9/8/10 7:00,291.17
9/8/10 8:00,281.766
9/8/10 9:00,337.644
9/8/10 10:00,272.33
9/8/10 11:00,218.89
9/8/10 12:00,182.988
9/8/10 13:00,36.598
9/8/10 14:00,6.542
9/8/10 15:00,2.61
9/8/10 16:00,0
9/8/10 17:00,0
9/8/10 18:00,0
9/8/10 19:00,0
9/8/10 20:00,0
9/8/10 21:00,0
9/8/10 22:00,0
9/8/10 23:00,0
9/9/10 0:00,0
9/9/10 1:00,0
9/9/10 2:00,0
9/9/10 3:00,0
9/9/10 4:00,0
9/9/10 5:00,0
9/9/10 6:00,0
9/9/10 7:00,0
9/9/10 8:00,0
9/9/10 9:00,0
9/9/10 10:00,0
9/9/10 11:00,0
9/9/10 12:00,0
9/9/10 13:00,0
9/9/10 14:00,0
9/9/10 15:00,0
9/9/10 16:00,0
9/9/10 17:00,0
9/9/10 18:00,0
9/9/10 19:00,0
9/9/10 20:00,7.47
9/9/10 21:00,34.538
9/9/10 22:00,59.566
9/9/10 23:00,144.946
9/10/10 0:00,156.728
9/10/10 1:00,237.156
9/10/10 2:00,269.952
9/10/10 3:00,206.456
9/10/10 4:00,320.442
9/10/10 5:00,310.992
9/10/10 6:00,323.998
9/10/10 7:00,218.404
9/10/10 8:00,153.384
9/10/10 9:00,205.074
9/10/10 10:00,250.406
9/10/10 11:00,218.192
9/10/10 12:00,299.98
9/10/10 13:00,251.722
9/10/10 14:00,106.054
9/10/10 15:00,27.496
9/10/10 16:00,29.838
9/10/10 17:00,7.014
9/10/10 18:00,0
9/10/10 19:00,0
9/10/10 20:00,0
9/10/10 21:00,0
9/10/10 22:00,0
9/10/10 23:00,0
9/11/10 0:00,0
9/11/10 1:00,0
9/11/10 2:00,0
9/11/10 3:00,0
9/11/10 4:00,0
9/11/10 5:00,0
9/11/10 6:00,0
9/11/10 7:00,0
9/11/10 8:00,0
9/11/10 9:00,0
9/11/10 10:00,0
9/11/10 11:00,0
9/11/10 12:00,0
9/11/10 13:00,0
9/11/10 14:00,0
9/11/10 15:00,0
9/11/10 16:00,0
9/11/10 17:00,0
9/11/10 18:00,0
9/11/10 19:00,7.9
9/11/10 20:00,26.928
9/11/10 21:00,22.228
9/11/10 22:00,41.432
9/11/10 23:00,86.75
9/12/10 0:00,134.074
9/12/10 1:00,196.26
9/12/10 2:00,319.454
9/12/10 3:00,205.622
9/12/10 4:00,163.994
9/12/10 5:00,350.454
9/12/10 6:00,483.364
9/12/10 7:00,449.124
9/12/10 8:00,339.806
9/12/10 9:00,280.442
9/12/10 10:00,239.642
9/12/10 11:00,195.46
9/12/10 12:00,203.842
9/12/10 13:00,132.074
9/12/10 14:00,69.516
9/12/10 15:00,28.864
9/12/10 16:00,5.766
9/12/10 17:00,0
9/12/10 18:00,0
9/12/10 19:00,0
9/12/10 20:00,0
9/12/10 21:00,0
9/12/10 22:00,0
9/12/10 23:00,0
9/13/10 0:00,0
9/13/10 1:00,0
9/13/10 2:00,0
9/13/10 3:00,0
9/13/10 4:00,0
9/13/10 5:00,0
9/13/10 6:00,0
9/13/10 7:00,0
9/13/10 8:00,0
9/13/10 9:00,0
9/13/10 10:00,0
9/13/10 11:00,0
9/13/10 12:00,0
9/13/10 13:00,0
9/13/10 14:00,0
9/13/10 15:00,0
9/13/10 16:00,0
9/13/10 17:00,0
9/13/10 18:00,0
9/13/10 19:00,10.36
9/13/10 20:00,30.604
9/13/10 21:00,25.996
9/13/10 22:00,24.62
9/13/10 23:00,32.326
9/14/10 0:00,36.976
9/14/10 1:00,51.788
9/14/10 2:00,65.146
9/14/10 3:00,94.7
9/14/10 4:00,79.268
9/14/10 5:00,112.144
9/14/10 6:00,147.828
9/14/10 7:00,128.086
9/14/10 8:00,90.024
9/14/10 9:00,76.434
9/14/10 10:00,51.726
9/14/10 11:00,58.718
9/14/10 12:00,29.206
9/14/10 13:00,15.378
9/14/10 14:00,0
9/14/10 15:00,0
9/14/10 16:00,0
9/14/10 17:00,0
9/14/10 18:00,0
9/14/10 19:00,0
9/14/10 20:00,0
9/14/10 21:00,0
9/14/10 22:00,0
9/14/10 23:00,0
9/15/10 0:00,0
9/15/10 1:00,0
9/15/10 2:00,0
9/15/10 3:00,0
9/15/10 4:00,0
9/15/10 5:00,0
9/15/10 6:00,0
9/15/10 7:00,0
9/15/10 8:00,0
9/15/10 9:00,0
9/15/10 10:00,0
9/15/10 11:00,0
9/15/10 12:00,0
9/15/10 13:00,0
9/15/10 14:00,0
9/15/10 15:00,0
9/15/10 16:00,0
9/15/10 17:00,0
9/15/10 18:00,0
9/15/10 19:00,27.72
9/15/10 20:00,78.716
9/15/10 21:00,199.268
9/15/10 22:00,202.7
9/15/10 23:00,201.014
9/16/10 0:00,239.36
9/16/10 1:00,298.964
9/16/10 2:00,275.658
9/16/10 3:00,382.104
9/16/10 4:00,547.72
9/16/10 5:00,477.844
9/16/10 6:00,407.058
9/16/10 7:00,440.868
9/16/10 8:00,432.724
9/16/10 9:00,375.57
9/16/10 10:00,389.428
9/16/10 11:00,261.56
9/16/10 12:00,200.058
9/16/10 13:00,127.942
9/16/10 14:00,149.128
9/16/10 15:00,60.372
9/16/10 16:00,16.556
9/16/10 17:00,0
9/16/10 18:00,0
9/16/10 19:00,0
9/16/10 20:00,0
9/16/10 21:00,0
9/16/10 22:00,0
9/16/10 23:00,0
9/17/10 0:00,0
9/17/10 1:00,0
9/17/10 2:00,0
9/17/10 3:00,0
9/17/10 4:00,0
9/17/10 5:00,0
9/17/10 6:00,0
9/17/10 7:00,0
9/17/10 8:00,0
9/17/10 9:00,0
9/17/10 10:00,0
9/17/10 11:00,0
9/17/10 12:00,0
9/17/10 13:00,0
9/17/10 14:00,0
9/17/10 15:00,0
9/17/10 16:00,0
9/17/10 17:00,0
9/17/10 18:00,0
9/17/10 19:00,26.318
9/17/10 20:00,67.872
9/17/10 21:00,165.968
9/17/10 22:00,286.366
9/17/10 23:00,427.124
9/18/10 0:00,584.806
9/18/10 1:00,384.602
9/18/10 2:00,570.338
9/18/10 3:00,386.418
9/18/10 4:00,566.62
9/18/10 5:00,501.206
9/18/10 6:00,331.216
9/18/10 7:00,318.374
9/18/10 8:00,339.816
9/18/10 9:00,260.882
9/18/10 10:00,171.85
9/18/10 11:00,175.306
9/18/10 12:00,148.874
9/18/10 13:00,119.798
9/18/10 14:00,123.492
9/18/10 15:00,119.512
9/18/10 16:00,46.31
9/18/10 17:00,6.624
9/18/10 18:00,0
9/18/10 19:00,0
9/18/10 20:00,0
9/18/10 21:00,0
9/18/10 22:00,0
9/18/10 23:00,0
9/19/10 0:00,0
9/19/10 1:00,0
9/19/10 2:00,0
9/19/10 3:00,0
9/19/10 4:00,0
9/19/10 5:00,0
9/19/10 6:00,0
9/19/10 7:00,0
9/19/10 8:00,0
9/19/10 9:00,0
9/19/10 10:00,0
9/19/10 11:00,0
9/19/10 12:00,0
9/19/10 13:00,0
9/19/10 14:00,0
9/19/10 15:00,0
9/19/10 16:00,0
9/19/10 17:00,0
9/19/10 18:00,0
9/19/10 19:00,17.498
9/19/10 20:00,56.87
9/19/10 21:00,169.124
9/19/10 22:00,315.288
9/19/10 23:00,459.022
9/20/10 0:00,591.256
9/20/10 1:00,636.586
9/20/10 2:00,226.08
9/20/10 3:00,638.07
9/20/10 4:00,428.778
9/20/10 5:00,457.562
9/20/10 6:00,517.912
9/20/10 7:00,462.198
9/20/10 8:00,338.382
9/20/10 9:00,400.656
9/20/10 10:00,447.048
9/20/10 11:00,639.662
9/20/10 12:00,577.63
9/20/10 13:00,452
9/20/10 14:00,250.448
9/20/10 15:00,89.848
9/20/10 16:00,42.3
9/20/10 17:00,11.608
9/20/10 18:00,0
9/20/10 19:00,0
9/20/10 20:00,0
9/20/10 21:00,0
9/20/10 22:00,0
9/20/10 23:00,0
9/21/10 0:00,0
9/21/10 1:00,0
9/21/10 2:00,0
9/21/10 3:00,0
9/21/10 4:00,0
9/21/10 5:00,0
9/21/10 6:00,0
9/21/10 7:00,0
9/21/10 8:00,0
9/21/10 9:00,0
9/21/10 10:00,0
9/21/10 11:00,0
9/21/10 12:00,0
9/21/10 13:00,0
9/21/10 14:00,0
9/21/10 15:00,0
9/21/10 16:00,0
9/21/10 17:00,0
9/21/10 18:00,0
9/21/10 19:00,28.37
9/21/10 20:00,80.494
9/21/10 21:00,176.152
9/21/10 22:00,255.238
9/21/10 23:00,390.642
9/22/10 0:00,348.604
9/22/10 1:00,450.722
9/22/10 2:00,435.282
9/22/10 3:00,559.916
9/22/10 4:00,484.166
9/22/10 5:00,453.3
9/22/10 6:00,249.154
9/22/10 7:00,554.88
9/22/10 8:00,563.65
9/22/10 9:00,439.274
9/22/10 10:00,454.364
9/22/10 11:00,282.08
9/22/10 12:00,203.424
9/22/10 13:00,198.234
9/22/10 14:00,136.146
9/22/10 15:00,66.594
9/22/10 16:00,18.062
9/22/10 17:00,0
9/22/10 18:00,0
9/22/10 19:00,0
9/22/10 20:00,0
9/22/10 21:00,0
9/22/10 22:00,0
9/22/10 23:00,0
9/23/10 0:00,0
9/23/10 1:00,0
9/23/10 2:00,0
9/23/10 3:00,0
9/23/10 4:00,0
9/23/10 5:00,0
9/23/10 6:00,0
9/23/10 7:00,0
9/23/10 8:00,0
9/23/10 9:00,0
9/23/10 10:00,0
9/23/10 11:00,0
9/23/10 12:00,0
9/23/10 13:00,0
9/23/10 14:00,0
9/23/10 15:00,0
9/23/10 16:00,0
9/23/10 17:00,0
9/23/10 18:00,0
9/23/10 19:00,2.968
9/23/10 20:00,17.898
9/23/10 21:00,30.816
9/23/10 22:00,40.012
9/23/10 23:00,41.31
9/24/10 0:00,42.62
9/24/10 1:00,40.372
9/24/10 2:00,57.022
9/24/10 3:00,60.334
9/24/10 4:00,71.756
9/24/10 5:00,44.46
9/24/10 6:00,62.942
9/24/10 7:00,108.006
9/24/10 8:00,137.934
9/24/10 9:00,135.722
9/24/10 10:00,173.556
9/24/10 11:00,146.088
9/24/10 12:00,98.392
9/24/10 13:00,98.67
9/24/10 14:00,64.714
9/24/10 15:00,66.27
9/24/10 16:00,75.6
9/24/10 17:00,10.652
9/24/10 18:00,0
9/24/10 19:00,0
9/24/10 20:00,0
9/24/10 21:00,0
9/24/10 22:00,0
9/24/10 23:00,0
9/25/10 0:00,0
9/25/10 1:00,0
9/25/10 2:00,0
9/25/10 3:00,0
9/25/10 4:00,0
9/25/10 5:00,0
9/25/10 6:00,0
9/25/10 7:00,0
9/25/10 8:00,0
9/25/10 9:00,0
9/25/10 10:00,0
9/25/10 11:00,0
9/25/10 12:00,0
9/25/10 13:00,0
9/25/10 14:00,0
9/25/10 15:00,0
9/25/10 16:00,0
9/25/10 17:00,0
9/25/10 18:00,0
9/25/10 19:00,30.378
9/25/10 20:00,56.028
9/25/10 21:00,81.312
9/25/10 22:00,207.012
9/25/10 23:00,172.682
9/26/10 0:00,274.768
9/26/10 1:00,283.49
9/26/10 2:00,340.458
9/26/10 3:00,257.488
9/26/10 4:00,389.166
9/26/10 5:00,467.908
9/26/10 6:00,426.038
9/26/10 7:00,472.296
9/26/10 8:00,380.434
9/26/10 9:00,316.9
9/26/10 10:00,552.54
9/26/10 11:00,638.32
9/26/10 12:00,587.116
9/26/10 13:00,480.132
9/26/10 14:00,324.692
9/26/10 15:00,131.768
9/26/10 16:00,29.984
9/26/10 17:00,9.824
9/26/10 18:00,0
9/26/10 19:00,0
9/26/10 20:00,0
9/26/10 21:00,0
9/26/10 22:00,0
9/26/10 23:00,0
9/27/10 0:00,0
9/27/10 1:00,0
9/27/10 2:00,0
9/27/10 3:00,0
9/27/10 4:00,0
9/27/10 5:00,0
9/27/10 6:00,0
9/27/10 7:00,0
9/27/10 8:00,0
9/27/10 9:00,0
9/27/10 10:00,0
9/27/10 11:00,0
9/27/10 12:00,0
9/27/10 13:00,0
9/27/10 14:00,0
9/27/10 15:00,0
9/27/10 16:00,0
9/27/10 17:00,0
9/27/10 18:00,7.292
9/27/10 19:00,55.028
9/27/10 20:00,114.692
9/27/10 21:00,99.464
9/27/10 22:00,147.58
9/27/10 23:00,209.926
9/28/10 0:00,234.048
9/28/10 1:00,343.804
9/28/10 2:00,454.616
9/28/10 3:00,478.504
9/28/10 4:00,414.69
9/28/10 5:00,323.172
9/28/10 6:00,334.496
9/28/10 7:00,331.372
9/28/10 8:00,406.566
9/28/10 9:00,374.422
9/28/10 10:00,538.2
9/28/10 11:00,561.942
9/28/10 12:00,436.41
9/28/10 13:00,255.504
9/28/10 14:00,183.938
9/28/10 15:00,117.832
9/28/10 16:00,68.572
9/28/10 17:00,15.046
9/28/10 18:00,0
9/28/10 19:00,0
9/28/10 20:00,0
9/28/10 21:00,0
9/28/10 22:00,0
9/28/10 23:00,0
9/29/10 0:00,0
9/29/10 1:00,0
9/29/10 2:00,0
9/29/10 3:00,0
9/29/10 4:00,0
9/29/10 5:00,0
9/29/10 6:00,0
9/29/10 7:00,0
9/29/10 8:00,0
9/29/10 9:00,0
9/29/10 10:00,0
9/29/10 11:00,0
9/29/10 12:00,0
9/29/10 13:00,0
9/29/10 14:00,0
9/29/10 15:00,0
9/29/10 16:00,0
9/29/10 17:00,0
9/29/10 18:00,4.006
9/29/10 19:00,30.834
9/29/10 20:00,82.592
9/29/10 21:00,200.034
9/29/10 22:00,337.468
9/29/10 23:00,475.708
9/30/10 0:00,579.026
9/30/10 1:00,633.944
9/30/10 2:00,635.338
9/30/10 3:00,637.238
9/30/10 4:00,637.37
9/30/10 5:00,637.318
9/30/10 6:00,636.524
9/30/10 7:00,638.912
9/30/10 8:00,639.482
9/30/10 9:00,636.86
9/30/10 10:00,637.492
9/30/10 11:00,594.854
9/30/10 12:00,522.182
9/30/10 13:00,405.12
9/30/10 14:00,277.374
9/30/10 15:00,130.57
9/30/10 16:00,37.74
9/30/10 17:00,9.87
9/30/10 18:00,0
9/30/10 19:00,0
9/30/10 20:00,0
9/30/10 21:00,0
9/30/10 22:00,0
9/30/10 23:00,0
10/1/10 0:00,0
10/1/10 1:00,0
10/1/10 2:00,0
10/1/10 3:00,0
10/1/10 4:00,0
10/1/10 5:00,0
10/1/10 6:00,0
10/1/10 7:00,0
10/1/10 8:00,0
10/1/10 9:00,0
10/1/10 10:00,0
10/1/10 11:00,0
10/1/10 12:00,0
10/1/10 13:00,0
10/1/10 14:00,0
10/1/10 15:00,0
10/1/10 16:00,0
10/1/10 17:00,0
10/1/10 18:00,8.2
10/1/10 19:00,58.598
10/1/10 20:00,95.17
10/1/10 21:00,152.786
10/1/10 22:00,224.03
10/1/10 23:00,419.888
10/2/10 0:00,550.77
10/2/10 1:00,604.862
10/2/10 2:00,514.072
10/2/10 3:00,590.81
10/2/10 4:00,579.11
10/2/10 5:00,502.206
10/2/10 6:00,274.658
10/2/10 7:00,240.418
10/2/10 8:00,121.136
10/2/10 9:00,126.162
10/2/10 10:00,153.554
10/2/10 11:00,69.29
10/2/10 12:00,114.658
10/2/10 13:00,104.95
10/2/10 14:00,29.492
10/2/10 15:00,36.596
10/2/10 16:00,10.632
10/2/10 17:00,0
10/2/10 18:00,0
10/2/10 19:00,0
10/2/10 20:00,0
10/2/10 21:00,0
10/2/10 22:00,0
10/2/10 23:00,0
10/3/10 0:00,0
10/3/10 1:00,0
10/3/10 2:00,0
10/3/10 3:00,0
10/3/10 4:00,0
10/3/10 5:00,0
10/3/10 6:00,0
10/3/10 7:00,0
10/3/10 8:00,0
10/3/10 9:00,0
10/3/10 10:00,0
10/3/10 11:00,0
10/3/10 12:00,0
10/3/10 13:00,0
10/3/10 14:00,0
10/3/10 15:00,0
10/3/10 16:00,0
10/3/10 17:00,0
10/3/10 18:00,0
10/3/10 19:00,0
10/3/10 20:00,13.99
10/3/10 21:00,64.396
10/3/10 22:00,68.304
10/3/10 23:00,120.204
10/4/10 0:00,112.562
10/4/10 1:00,239.61
10/4/10 2:00,289.82
10/4/10 3:00,421.328
10/4/10 4:00,257.844
10/4/10 5:00,290.852
10/4/10 6:00,387.324
10/4/10 7:00,121.316
10/4/10 8:00,127.972
10/4/10 9:00,252.568
10/4/10 10:00,94.13
10/4/10 11:00,101.508
10/4/10 12:00,144.454
10/4/10 13:00,426.808
10/4/10 14:00,275.664
10/4/10 15:00,175.146
10/4/10 16:00,43.084
10/4/10 17:00,7.084
10/4/10 18:00,0
10/4/10 19:00,0
10/4/10 20:00,0
10/4/10 21:00,0
10/4/10 22:00,0
10/4/10 23:00,0
10/5/10 0:00,0
10/5/10 1:00,0
10/5/10 2:00,0
10/5/10 3:00,0
10/5/10 4:00,0
10/5/10 5:00,0
10/5/10 6:00,0
10/5/10 7:00,0
10/5/10 8:00,0
10/5/10 9:00,0
10/5/10 10:00,0
10/5/10 11:00,0
10/5/10 12:00,0
10/5/10 13:00,0
10/5/10 14:00,0
10/5/10 15:00,0
10/5/10 16:00,0
10/5/10 17:00,0
10/5/10 18:00,0
10/5/10 19:00,19.8
10/5/10 20:00,48.248
10/5/10 21:00,87.168
10/5/10 22:00,167.288
10/5/10 23:00,330.106
10/6/10 0:00,250.14
10/6/10 1:00,189.986
10/6/10 2:00,248.646
10/6/10 3:00,350.566
10/6/10 4:00,419.944
10/6/10 5:00,495.78
10/6/10 6:00,316.936
10/6/10 7:00,428.258
10/6/10 8:00,386.222
10/6/10 9:00,407.282
10/6/10 10:00,354.39
10/6/10 11:00,451.218
10/6/10 12:00,315.248
10/6/10 13:00,474.274
10/6/10 14:00,274.506
10/6/10 15:00,147.548
10/6/10 16:00,34.27
10/6/10 17:00,13.89
10/6/10 18:00,0
10/6/10 19:00,0
10/6/10 20:00,0
10/6/10 21:00,0
10/6/10 22:00,0
10/6/10 23:00,0
10/7/10 0:00,0
10/7/10 1:00,0
10/7/10 2:00,0
10/7/10 3:00,0
10/7/10 4:00,0
10/7/10 5:00,0
10/7/10 6:00,0
10/7/10 7:00,0
10/7/10 8:00,0
10/7/10 9:00,0
10/7/10 10:00,0
10/7/10 11:00,0
10/7/10 12:00,0
10/7/10 13:00,0
10/7/10 14:00,0
10/7/10 15:00,0
10/7/10 16:00,0
10/7/10 17:00,0
10/7/10 18:00,7.014
10/7/10 19:00,30.598
10/7/10 20:00,95.82
10/7/10 21:00,162.542
10/7/10 22:00,338.538
10/7/10 23:00,527.286
10/8/10 0:00,617.746
10/8/10 1:00,631.87
10/8/10 2:00,636.604
10/8/10 3:00,637.236
10/8/10 4:00,637.508
10/8/10 5:00,637.24
10/8/10 6:00,637.55
10/8/10 7:00,636.25
10/8/10 8:00,637.55
10/8/10 9:00,637.346
10/8/10 10:00,636.892
10/8/10 11:00,631.808
10/8/10 12:00,561.614
10/8/10 13:00,464.216
10/8/10 14:00,337.644
10/8/10 15:00,158.388
10/8/10 16:00,34.778
10/8/10 17:00,13.272
10/8/10 18:00,0
10/8/10 19:00,0
10/8/10 20:00,0
10/8/10 21:00,0
10/8/10 22:00,0
10/8/10 23:00,0
10/9/10 0:00,0
10/9/10 1:00,0
10/9/10 2:00,0
10/9/10 3:00,0
10/9/10 4:00,0
10/9/10 5:00,0
10/9/10 6:00,0
10/9/10 7:00,0
10/9/10 8:00,0
10/9/10 9:00,0
10/9/10 10:00,0
10/9/10 11:00,0
10/9/10 12:00,0
10/9/10 13:00,0
10/9/10 14:00,0
10/9/10 15:00,0
10/9/10 16:00,0
10/9/10 17:00,0
10/9/10 18:00,6.814
10/9/10 19:00,35.088
10/9/10 20:00,106.552
10/9/10 21:00,241.048
10/9/10 22:00,384.006
10/9/10 23:00,520.214
10/10/10 0:00,608.932
10/10/10 1:00,634.708
10/10/10 2:00,636.566
10/10/10 3:00,638.584
10/10/10 4:00,637.958
10/10/10 5:00,638.042
10/10/10 6:00,638.466
10/10/10 7:00,637.912
10/10/10 8:00,639.186
10/10/10 9:00,638.926
10/10/10 10:00,639.542
10/10/10 11:00,603.988
10/10/10 12:00,530.202
10/10/10 13:00,433.04
10/10/10 14:00,162.054
10/10/10 15:00,104.14
10/10/10 16:00,69.206
10/10/10 17:00,27.106
10/10/10 18:00,0
10/10/10 19:00,0
10/10/10 20:00,0
10/10/10 21:00,0
10/10/10 22:00,0
10/10/10 23:00,0
10/11/10 0:00,0
10/11/10 1:00,0
10/11/10 2:00,0
10/11/10 3:00,0
10/11/10 4:00,0
10/11/10 5:00,0
10/11/10 6:00,0
10/11/10 7:00,0
10/11/10 8:00,0
10/11/10 9:00,0
10/11/10 10:00,0
10/11/10 11:00,0
10/11/10 12:00,0
10/11/10 13:00,0
10/11/10 14:00,0
10/11/10 15:00,0
10/11/10 16:00,0
10/11/10 17:00,0
10/11/10 18:00,10.704
10/11/10 19:00,52.1
10/11/10 20:00,94.726
10/11/10 21:00,167.276
10/11/10 22:00,255.94
10/11/10 23:00,309.876
10/12/10 0:00,489.136
10/12/10 1:00,598.818
10/12/10 2:00,635.794
10/12/10 3:00,638.086
10/12/10 4:00,638.58
10/12/10 5:00,621.296
10/12/10 6:00,618.974
10/12/10 7:00,589.81
10/12/10 8:00,507.23
10/12/10 9:00,637.918
10/12/10 10:00,636.238
10/12/10 11:00,468.814
10/12/10 12:00,181.594
10/12/10 13:00,200.014
10/12/10 14:00,254.282
10/12/10 15:00,147.04
10/12/10 16:00,45.372
10/12/10 17:00,17.748
10/12/10 18:00,0
10/12/10 19:00,0
10/12/10 20:00,0
10/12/10 21:00,0
10/12/10 22:00,0
10/12/10 23:00,0
10/13/10 0:00,0
10/13/10 1:00,0
10/13/10 2:00,0
10/13/10 3:00,0
10/13/10 4:00,0
10/13/10 5:00,0
10/13/10 6:00,0
10/13/10 7:00,0
10/13/10 8:00,0
10/13/10 9:00,0
10/13/10 10:00,0
10/13/10 11:00,0
10/13/10 12:00,0
10/13/10 13:00,0
10/13/10 14:00,0
10/13/10 15:00,0
10/13/10 16:00,0
10/13/10 17:00,0
10/13/10 18:00,5.478
10/13/10 19:00,46.994
10/13/10 20:00,102.942
10/13/10 21:00,169.686
10/13/10 22:00,211.404
10/13/10 23:00,356.806
10/14/10 0:00,199.536
10/14/10 1:00,211.456
10/14/10 2:00,257.856
10/14/10 3:00,426.9
10/14/10 4:00,428.254
10/14/10 5:00,336.8
10/14/10 6:00,419.168
10/14/10 7:00,450.268
10/14/10 8:00,475.872
10/14/10 9:00,462.308
10/14/10 10:00,448.08
10/14/10 11:00,513.518
10/14/10 12:00,222.76
10/14/10 13:00,315.724
10/14/10 14:00,102.052
10/14/10 15:00,115.07
10/14/10 16:00,25.786
10/14/10 17:00,18.962
10/14/10 18:00,0.228
10/14/10 19:00,0
10/14/10 20:00,0
10/14/10 21:00,0
10/14/10 22:00,0
10/14/10 23:00,0
10/15/10 0:00,0
10/15/10 1:00,0
10/15/10 2:00,0
10/15/10 3:00,0
10/15/10 4:00,0
10/15/10 5:00,0
10/15/10 6:00,0
10/15/10 7:00,0
10/15/10 8:00,0
10/15/10 9:00,0
10/15/10 10:00,0
10/15/10 11:00,0
10/15/10 12:00,0
10/15/10 13:00,0
10/15/10 14:00,0
10/15/10 15:00,0
10/15/10 16:00,0
10/15/10 17:00,0
10/15/10 18:00,12.268
10/15/10 19:00,45.084
10/15/10 20:00,93.398
10/15/10 21:00,100.258
10/15/10 22:00,116.968
10/15/10 23:00,271.104
10/16/10 0:00,134.702
10/16/10 1:00,193.116
10/16/10 2:00,354.06
10/16/10 3:00,143.16
10/16/10 4:00,456.798
10/16/10 5:00,298.924
10/16/10 6:00,498.424
10/16/10 7:00,355.086
10/16/10 8:00,284.926
10/16/10 9:00,272.122
10/16/10 10:00,466.502
10/16/10 11:00,302.874
10/16/10 12:00,406.542
10/16/10 13:00,534.23
10/16/10 14:00,216.08
10/16/10 15:00,166.074
10/16/10 16:00,59.178
10/16/10 17:00,28.12
10/16/10 18:00,0.528
10/16/10 19:00,0
10/16/10 20:00,0
10/16/10 21:00,0
10/16/10 22:00,0
10/16/10 23:00,0
10/17/10 0:00,0
10/17/10 1:00,0
10/17/10 2:00,0
10/17/10 3:00,0
10/17/10 4:00,0
10/17/10 5:00,0
10/17/10 6:00,0
10/17/10 7:00,0
10/17/10 8:00,0
10/17/10 9:00,0
10/17/10 10:00,0
10/17/10 11:00,0
10/17/10 12:00,0
10/17/10 13:00,0
10/17/10 14:00,0
10/17/10 15:00,0
10/17/10 16:00,0
10/17/10 17:00,0
10/17/10 18:00,13.314
10/17/10 19:00,56.06
10/17/10 20:00,151.76
10/17/10 21:00,280.27
10/17/10 22:00,322.188
10/17/10 23:00,438.446
10/18/10 0:00,480.248
10/18/10 1:00,428.308
10/18/10 2:00,498.278
10/18/10 3:00,449.888
10/18/10 4:00,636.79
10/18/10 5:00,637.578
10/18/10 6:00,636.866
10/18/10 7:00,588.112
10/18/10 8:00,496.504
10/18/10 9:00,508.722
10/18/10 10:00,488.634
10/18/10 11:00,530.882
10/18/10 12:00,413.938
10/18/10 13:00,429.604
10/18/10 14:00,319.894
10/18/10 15:00,128.268
10/18/10 16:00,55.884
10/18/10 17:00,19.588
10/18/10 18:00,0
10/18/10 19:00,0
10/18/10 20:00,0
10/18/10 21:00,0
10/18/10 22:00,0
10/18/10 23:00,0
10/19/10 0:00,0
10/19/10 1:00,0
10/19/10 2:00,0
10/19/10 3:00,0
10/19/10 4:00,0
10/19/10 5:00,0
10/19/10 6:00,0
10/19/10 7:00,0
10/19/10 8:00,0
10/19/10 9:00,0
10/19/10 10:00,0
10/19/10 11:00,0
10/19/10 12:00,0
10/19/10 13:00,0
10/19/10 14:00,0
10/19/10 15:00,0
10/19/10 16:00,0
10/19/10 17:00,0
10/19/10 18:00,15.896
10/19/10 19:00,54.988
10/19/10 20:00,137.28
10/19/10 21:00,242.81
10/19/10 22:00,387.592
10/19/10 23:00,510.156
10/20/10 0:00,599.718
10/20/10 1:00,628.83
10/20/10 2:00,616.254
10/20/10 3:00,623.422
10/20/10 4:00,622.6
10/20/10 5:00,620.332
10/20/10 6:00,454.808
10/20/10 7:00,590.896
10/20/10 8:00,369.554
10/20/10 9:00,539.88
10/20/10 10:00,488.106
10/20/10 11:00,448.988
10/20/10 12:00,172.308
10/20/10 13:00,117.074
10/20/10 14:00,146.284
10/20/10 15:00,111.518
10/20/10 16:00,61.348
10/20/10 17:00,17.172
10/20/10 18:00,0
10/20/10 19:00,0
10/20/10 20:00,0
10/20/10 21:00,0
10/20/10 22:00,0
10/20/10 23:00,0
10/21/10 0:00,0
10/21/10 1:00,0
10/21/10 2:00,0
10/21/10 3:00,0
10/21/10 4:00,0
10/21/10 5:00,0
10/21/10 6:00,0
10/21/10 7:00,0
10/21/10 8:00,0
10/21/10 9:00,0
10/21/10 10:00,0
10/21/10 11:00,0
10/21/10 12:00,0
10/21/10 13:00,0
10/21/10 14:00,0
10/21/10 15:00,0
10/21/10 16:00,0
10/21/10 17:00,0
10/21/10 18:00,17.67
10/21/10 19:00,58.812
10/21/10 20:00,112.818
10/21/10 21:00,194.216
10/21/10 22:00,201.612
10/21/10 23:00,332.706
10/22/10 0:00,339.876
10/22/10 1:00,482.696
10/22/10 2:00,371.894
10/22/10 3:00,392.99
10/22/10 4:00,414.248
10/22/10 5:00,427.86
10/22/10 6:00,336.944
10/22/10 7:00,234.404
10/22/10 8:00,150.908
10/22/10 9:00,177.83
10/22/10 10:00,401.278
10/22/10 11:00,156.498
10/22/10 12:00,219.12
10/22/10 13:00,392.582
10/22/10 14:00,358.72
10/22/10 15:00,262.902
10/22/10 16:00,124.37
10/22/10 17:00,43.972
10/22/10 18:00,0.462
10/22/10 19:00,0
10/22/10 20:00,0
10/22/10 21:00,0
10/22/10 22:00,0
10/22/10 23:00,0
10/23/10 0:00,0
10/23/10 1:00,0
10/23/10 2:00,0
10/23/10 3:00,0
10/23/10 4:00,0
10/23/10 5:00,0
10/23/10 6:00,0
10/23/10 7:00,0
10/23/10 8:00,0
10/23/10 9:00,0
10/23/10 10:00,0
10/23/10 11:00,0
10/23/10 12:00,0
10/23/10 13:00,0
10/23/10 14:00,0
10/23/10 15:00,0
10/23/10 16:00,0
10/23/10 17:00,0
10/23/10 18:00,19.638
10/23/10 19:00,61.084
10/23/10 20:00,138.262
10/23/10 21:00,257.454
10/23/10 22:00,384.788
10/23/10 23:00,502.37
10/24/10 0:00,589.856
10/24/10 1:00,629.348
10/24/10 2:00,616.768
10/24/10 3:00,611.668
10/24/10 4:00,620.584
10/24/10 5:00,571.732
10/24/10 6:00,594.166
10/24/10 7:00,547.852
10/24/10 8:00,417.658
10/24/10 9:00,465.356
10/24/10 10:00,482.818
10/24/10 11:00,386.382
10/24/10 12:00,280.652
10/24/10 13:00,263.792
10/24/10 14:00,223.754
10/24/10 15:00,132.466
10/24/10 16:00,64.754
10/24/10 17:00,22.822
10/24/10 18:00,0
10/24/10 19:00,0
10/24/10 20:00,0
10/24/10 21:00,0
10/24/10 22:00,0
10/24/10 23:00,0
10/25/10 0:00,0
10/25/10 1:00,0
10/25/10 2:00,0
10/25/10 3:00,0
10/25/10 4:00,0
10/25/10 5:00,0
10/25/10 6:00,0
10/25/10 7:00,0
10/25/10 8:00,0
10/25/10 9:00,0
10/25/10 10:00,0
10/25/10 11:00,0
10/25/10 12:00,0
10/25/10 13:00,0
10/25/10 14:00,0
10/25/10 15:00,0
10/25/10 16:00,0
10/25/10 17:00,0
10/25/10 18:00,21.614
10/25/10 19:00,64.534
10/25/10 20:00,137.41
10/25/10 21:00,248.774
10/25/10 22:00,362.668
10/25/10 23:00,419.212
10/26/10 0:00,432.928
10/26/10 1:00,435.424
10/26/10 2:00,430.346
10/26/10 3:00,465.454
10/26/10 4:00,487.094
10/26/10 5:00,574.36
10/26/10 6:00,486.206
10/26/10 7:00,496.698
10/26/10 8:00,479.466
10/26/10 9:00,383.914
10/26/10 10:00,387.428
10/26/10 11:00,444.818
10/26/10 12:00,460.908
10/26/10 13:00,362.684
10/26/10 14:00,264.238
10/26/10 15:00,143.084
10/26/10 16:00,69.996
10/26/10 17:00,26.538
10/26/10 18:00,0.316
10/26/10 19:00,0
10/26/10 20:00,0
10/26/10 21:00,0
10/26/10 22:00,0
10/26/10 23:00,0
10/27/10 0:00,0
10/27/10 1:00,0
10/27/10 2:00,0
10/27/10 3:00,0
10/27/10 4:00,0
10/27/10 5:00,0
10/27/10 6:00,0
10/27/10 7:00,0
10/27/10 8:00,0
10/27/10 9:00,0
10/27/10 10:00,0
10/27/10 11:00,0
10/27/10 12:00,0
10/27/10 13:00,0
10/27/10 14:00,0
10/27/10 15:00,0
10/27/10 16:00,0
10/27/10 17:00,0
10/27/10 18:00,10.116
10/27/10 19:00,53.662
10/27/10 20:00,111.326
10/27/10 21:00,203.976
10/27/10 22:00,335.076
10/27/10 23:00,429.788
10/28/10 0:00,521.736
10/28/10 1:00,618.986
10/28/10 2:00,615.6
10/28/10 3:00,634.248
10/28/10 4:00,591.926
10/28/10 5:00,571.122
10/28/10 6:00,490.546
10/28/10 7:00,604.032
10/28/10 8:00,532.382
10/28/10 9:00,584.772
10/28/10 10:00,550.066
10/28/10 11:00,493.518
10/28/10 12:00,400.842
10/28/10 13:00,209.364
10/28/10 14:00,112.67
10/28/10 15:00,157.324
10/28/10 16:00,71.126
10/28/10 17:00,33.208
10/28/10 18:00,3.446
10/28/10 19:00,0
10/28/10 20:00,0
10/28/10 21:00,0
10/28/10 22:00,0
10/28/10 23:00,0
10/29/10 0:00,0
10/29/10 1:00,0
10/29/10 2:00,0
10/29/10 3:00,0
10/29/10 4:00,0
10/29/10 5:00,0
10/29/10 6:00,0
10/29/10 7:00,0
10/29/10 8:00,0
10/29/10 9:00,0
10/29/10 10:00,0
10/29/10 11:00,0
10/29/10 12:00,0
10/29/10 13:00,0
10/29/10 14:00,0
10/29/10 15:00,0
10/29/10 16:00,0
10/29/10 17:00,0
10/29/10 18:00,10.652
10/29/10 19:00,43.316
10/29/10 20:00,61.992
10/29/10 21:00,91.732
10/29/10 22:00,127.322
10/29/10 23:00,114.258
10/30/10 0:00,72.236
10/30/10 1:00,78.308
10/30/10 2:00,33.302
10/30/10 3:00,56.784
10/30/10 4:00,43.01
10/30/10 5:00,38.07
10/30/10 6:00,32.896
10/30/10 7:00,32.172
10/30/10 8:00,110.192
10/30/10 9:00,197.786
10/30/10 10:00,103.502
10/30/10 11:00,54.868
10/30/10 12:00,31.972
10/30/10 13:00,28.714
10/30/10 14:00,17.202
10/30/10 15:00,21.416
10/30/10 16:00,11.418
10/30/10 17:00,0
10/30/10 18:00,0
10/30/10 19:00,0
10/30/10 20:00,0
10/30/10 21:00,0
10/30/10 22:00,0
10/30/10 23:00,0
10/31/10 0:00,0
10/31/10 1:00,0
10/31/10 2:00,0
10/31/10 3:00,0
10/31/10 4:00,0
10/31/10 5:00,0
10/31/10 6:00,0
10/31/10 7:00,0
10/31/10 8:00,0
10/31/10 9:00,0
10/31/10 10:00,0
10/31/10 11:00,0
10/31/10 12:00,0
10/31/10 13:00,0
10/31/10 14:00,0
10/31/10 15:00,0
10/31/10 16:00,0
10/31/10 17:00,0
10/31/10 18:00,19.674
10/31/10 19:00,93.36
10/31/10 20:00,176.756
10/31/10 21:00,233.936
10/31/10 22:00,245.422
10/31/10 23:00,278.782
11/1/10 0:00,331.486
11/1/10 1:00,297.026
11/1/10 2:00,300.102
11/1/10 3:00,232.85
11/1/10 4:00,215.702
11/1/10 5:00,301.018
11/1/10 6:00,529.622
11/1/10 7:00,508.486
11/1/10 8:00,517.072
11/1/10 9:00,549.624
11/1/10 10:00,631.616
11/1/10 11:00,627.47
11/1/10 12:00,583.96
11/1/10 13:00,422.424
11/1/10 14:00,188.344
11/1/10 15:00,85.466
11/1/10 16:00,31.898
11/1/10 17:00,19.852
11/1/10 18:00,0
11/1/10 19:00,0
11/1/10 20:00,0
11/1/10 21:00,0
11/1/10 22:00,0
11/1/10 23:00,0
11/2/10 0:00,0
11/2/10 1:00,0
11/2/10 2:00,0
11/2/10 3:00,0
11/2/10 4:00,0
11/2/10 5:00,0
11/2/10 6:00,0
11/2/10 7:00,0
11/2/10 8:00,0
11/2/10 9:00,0
11/2/10 10:00,0
11/2/10 11:00,0
11/2/10 12:00,0
11/2/10 13:00,0
11/2/10 14:00,0
11/2/10 15:00,0
11/2/10 16:00,0
11/2/10 17:00,0
11/2/10 18:00,2.83
11/2/10 19:00,30.074
11/2/10 20:00,71.836
11/2/10 21:00,134.75
11/2/10 22:00,263.2
11/2/10 23:00,353.47
11/3/10 0:00,220.232
11/3/10 1:00,284.972
11/3/10 2:00,375.222
11/3/10 3:00,380.142
11/3/10 4:00,263.528
11/3/10 5:00,150.748
11/3/10 6:00,143.702
11/3/10 7:00,148.792
11/3/10 8:00,298.624
11/3/10 9:00,238.834
11/3/10 10:00,200.268
11/3/10 11:00,192.916
11/3/10 12:00,70.15
11/3/10 13:00,44.218
11/3/10 14:00,57.804
11/3/10 15:00,44.034
11/3/10 16:00,29.932
11/3/10 17:00,6.268
11/3/10 18:00,0
11/3/10 19:00,0
11/3/10 20:00,0
11/3/10 21:00,0
11/3/10 22:00,0
11/3/10 23:00,0
11/4/10 0:00,0
11/4/10 1:00,0
11/4/10 2:00,0
11/4/10 3:00,0
11/4/10 4:00,0
11/4/10 5:00,0
11/4/10 6:00,0
11/4/10 7:00,0
11/4/10 8:00,0
11/4/10 9:00,0
11/4/10 10:00,0
11/4/10 11:00,0
11/4/10 12:00,0
11/4/10 13:00,0
11/4/10 14:00,0
11/4/10 15:00,0
11/4/10 16:00,0
11/4/10 17:00,0
11/4/10 18:00,0
11/4/10 19:00,10.098
11/4/10 20:00,11.846
11/4/10 21:00,33.296
11/4/10 22:00,77.482
11/4/10 23:00,69.13
11/5/10 0:00,261.178
11/5/10 1:00,357.738
11/5/10 2:00,444.912
11/5/10 3:00,294.176
11/5/10 4:00,149.16
11/5/10 5:00,292.87
11/5/10 6:00,453.26
11/5/10 7:00,421.612
11/5/10 8:00,482.74
11/5/10 9:00,407.244
11/5/10 10:00,310.36
11/5/10 11:00,308.94
11/5/10 12:00,135.246
11/5/10 13:00,92.494
11/5/10 14:00,82.056
11/5/10 15:00,44.19
11/5/10 16:00,32.804
11/5/10 17:00,9.718
11/5/10 18:00,0
11/5/10 19:00,0
11/5/10 20:00,0
11/5/10 21:00,0
11/5/10 22:00,0
11/5/10 23:00,0
11/6/10 0:00,0
11/6/10 1:00,0
11/6/10 2:00,0
11/6/10 3:00,0
11/6/10 4:00,0
11/6/10 5:00,0
11/6/10 6:00,0
11/6/10 7:00,0
11/6/10 8:00,0
11/6/10 9:00,0
11/6/10 10:00,0
11/6/10 11:00,0
11/6/10 12:00,0
11/6/10 13:00,0
11/6/10 14:00,0
11/6/10 15:00,0
11/6/10 16:00,0
11/6/10 17:00,0
11/6/10 18:00,15.314
11/6/10 19:00,48.35
11/6/10 20:00,121.298
11/6/10 21:00,137.424
11/6/10 22:00,177.932
11/6/10 23:00,270.138
11/7/10 0:00,371.392
11/7/10 1:00,472.278
11/7/10 2:00,492.35
11/7/10 3:00,636.138
11/7/10 4:00,534.012
11/7/10 5:00,397.506
11/7/10 6:00,399.458
11/7/10 7:00,459.146
11/7/10 8:00,389.198
11/7/10 9:00,393.596
11/7/10 10:00,441.684
11/7/10 11:00,557.692
11/7/10 12:00,446.142
11/7/10 13:00,394.072
11/7/10 14:00,281.8
11/7/10 15:00,183.34
11/7/10 16:00,84.932
11/7/10 17:00,25.296
11/7/10 18:00,2.138
11/7/10 19:00,0
11/7/10 20:00,0
11/7/10 21:00,0
11/7/10 22:00,0
11/7/10 23:00,0
11/8/10 0:00,0
11/8/10 1:00,0
11/8/10 2:00,0
11/8/10 3:00,0
11/8/10 4:00,0
11/8/10 5:00,0
11/8/10 6:00,0
11/8/10 7:00,0
11/8/10 8:00,0
11/8/10 9:00,0
11/8/10 10:00,0
11/8/10 11:00,0
11/8/10 12:00,0
11/8/10 13:00,0
11/8/10 14:00,0
11/8/10 15:00,0
11/8/10 16:00,0
11/8/10 17:00,0
11/8/10 18:00,26.162
11/8/10 19:00,82.1
11/8/10 20:00,186.152
11/8/10 21:00,312.658
11/8/10 22:00,416.802
11/8/10 23:00,506.874
11/9/10 0:00,538.742
11/9/10 1:00,539.056
11/9/10 2:00,619.026
11/9/10 3:00,634.19
11/9/10 4:00,633.128
11/9/10 5:00,590.52
11/9/10 6:00,574.36
11/9/10 7:00,581.98
11/9/10 8:00,511.382
11/9/10 9:00,627.196
11/9/10 10:00,601.41
11/9/10 11:00,448.81
11/9/10 12:00,324.058
11/9/10 13:00,304.422
11/9/10 14:00,242.664
11/9/10 15:00,153.608
11/9/10 16:00,84.988
11/9/10 17:00,34.254
11/9/10 18:00,4.94
11/9/10 19:00,0
11/9/10 20:00,0
11/9/10 21:00,0
11/9/10 22:00,0
11/9/10 23:00,0
11/10/10 0:00,0
11/10/10 1:00,0
11/10/10 2:00,0
11/10/10 3:00,0
11/10/10 4:00,0
11/10/10 5:00,0
11/10/10 6:00,0
11/10/10 7:00,0
11/10/10 8:00,0
11/10/10 9:00,0
11/10/10 10:00,0
11/10/10 11:00,0
11/10/10 12:00,0
11/10/10 13:00,0
11/10/10 14:00,0
11/10/10 15:00,0
11/10/10 16:00,0
11/10/10 17:00,0
11/10/10 18:00,0
11/10/10 19:00,0.038
11/10/10 20:00,6.804
11/10/10 21:00,7.83
11/10/10 22:00,16.982
11/10/10 23:00,15.93
11/11/10 0:00,19.846
11/11/10 1:00,28.098
11/11/10 2:00,35.982
11/11/10 3:00,40.802
11/11/10 4:00,37.964
11/11/10 5:00,46.392
11/11/10 6:00,55.256
11/11/10 7:00,56.112
11/11/10 8:00,58.242
11/11/10 9:00,98.74
11/11/10 10:00,45.41
11/11/10 11:00,36.622
11/11/10 12:00,19.51
11/11/10 13:00,24.314
11/11/10 14:00,38.588
11/11/10 15:00,23.536
11/11/10 16:00,9.894
11/11/10 17:00,0
11/11/10 18:00,0
11/11/10 19:00,0
11/11/10 20:00,0
11/11/10 21:00,0
11/11/10 22:00,0
11/11/10 23:00,0
11/12/10 0:00,0
11/12/10 1:00,0
11/12/10 2:00,0
11/12/10 3:00,0
11/12/10 4:00,0
11/12/10 5:00,0
11/12/10 6:00,0
11/12/10 7:00,0
11/12/10 8:00,0
11/12/10 9:00,0
11/12/10 10:00,0
11/12/10 11:00,0
11/12/10 12:00,0
11/12/10 13:00,0
11/12/10 14:00,0
11/12/10 15:00,0
11/12/10 16:00,0
11/12/10 17:00,3.132
11/12/10 18:00,46.334
11/12/10 19:00,46.942
11/12/10 20:00,76.658
11/12/10 21:00,114.5
11/12/10 22:00,174.348
11/12/10 23:00,226.072
11/13/10 0:00,289.428
11/13/10 1:00,376.28
11/13/10 2:00,300.7
11/13/10 3:00,423.292
11/13/10 4:00,407.664
11/13/10 5:00,400.324
11/13/10 6:00,408.178
11/13/10 7:00,421.116
11/13/10 8:00,398.3
11/13/10 9:00,393.976
11/13/10 10:00,310.508
11/13/10 11:00,317.228
11/13/10 12:00,278.474
11/13/10 13:00,153.622
11/13/10 14:00,113.352
11/13/10 15:00,137.496
11/13/10 16:00,124.164
11/13/10 17:00,42.08
11/13/10 18:00,11.24
11/13/10 19:00,0
11/13/10 20:00,0
11/13/10 21:00,0
11/13/10 22:00,0
11/13/10 23:00,0
11/14/10 0:00,0
11/14/10 1:00,0
11/14/10 2:00,0
11/14/10 3:00,0
11/14/10 4:00,0
11/14/10 5:00,0
11/14/10 6:00,0
11/14/10 7:00,0
11/14/10 8:00,0
11/14/10 9:00,0
11/14/10 10:00,0
11/14/10 11:00,0
11/14/10 12:00,0
11/14/10 13:00,0
11/14/10 14:00,0
11/14/10 15:00,0
11/14/10 16:00,0
11/14/10 17:00,0
11/14/10 18:00,24.448
11/14/10 19:00,65.88
11/14/10 20:00,101.252
11/14/10 21:00,149.046
11/14/10 22:00,197.43
11/14/10 23:00,382.958
11/15/10 0:00,506.078
11/15/10 1:00,579.192
11/15/10 2:00,601.238
11/15/10 3:00,637.514
11/15/10 4:00,630.8
11/15/10 5:00,595.06
11/15/10 6:00,637.052
11/15/10 7:00,632.72
11/15/10 8:00,586.952
11/15/10 9:00,584.464
11/15/10 10:00,567.05
11/15/10 11:00,532.978
11/15/10 12:00,374.12
11/15/10 13:00,354.288
11/15/10 14:00,223.324
11/15/10 15:00,144.7
11/15/10 16:00,70.858
11/15/10 17:00,37.942
11/15/10 18:00,6.928
11/15/10 19:00,0
11/15/10 20:00,0
11/15/10 21:00,0
11/15/10 22:00,0
11/15/10 23:00,0
11/16/10 0:00,0
11/16/10 1:00,0
11/16/10 2:00,0
11/16/10 3:00,0
11/16/10 4:00,0
11/16/10 5:00,0
11/16/10 6:00,0
11/16/10 7:00,0
11/16/10 8:00,0
11/16/10 9:00,0
11/16/10 10:00,0
11/16/10 11:00,0
11/16/10 12:00,0
11/16/10 13:00,0
11/16/10 14:00,0
11/16/10 15:00,0
11/16/10 16:00,0
11/16/10 17:00,2.652
11/16/10 18:00,36.972
11/16/10 19:00,82.428
11/16/10 20:00,124.124
11/16/10 21:00,180.274
11/16/10 22:00,217.588
11/16/10 23:00,286.568
11/17/10 0:00,361.116
11/17/10 1:00,409.662
11/17/10 2:00,417.852
11/17/10 3:00,471.702
11/17/10 4:00,468.606
11/17/10 5:00,455.412
11/17/10 6:00,376.176
11/17/10 7:00,312.748
11/17/10 8:00,327.11
11/17/10 9:00,316.602
11/17/10 10:00,262.96
11/17/10 11:00,208.976
11/17/10 12:00,198.518
11/17/10 13:00,182.498
11/17/10 14:00,241.968
11/17/10 15:00,156.338
11/17/10 16:00,73.238
11/17/10 17:00,32.848
11/17/10 18:00,2.546
11/17/10 19:00,0
11/17/10 20:00,0
11/17/10 21:00,0
11/17/10 22:00,0
11/17/10 23:00,0
11/18/10 0:00,0
11/18/10 1:00,0
11/18/10 2:00,0
11/18/10 3:00,0
11/18/10 4:00,0
11/18/10 5:00,0
11/18/10 6:00,0
11/18/10 7:00,0
11/18/10 8:00,0
11/18/10 9:00,0
11/18/10 10:00,0
11/18/10 11:00,0
11/18/10 12:00,0
11/18/10 13:00,0
11/18/10 14:00,0
11/18/10 15:00,0
11/18/10 16:00,0
11/18/10 17:00,0
11/18/10 18:00,31.862
11/18/10 19:00,34.618
11/18/10 20:00,47.474
11/18/10 21:00,241.46
11/18/10 22:00,441.836
11/18/10 23:00,515.178
11/19/10 0:00,426.294
11/19/10 1:00,311.438
11/19/10 2:00,404.774
11/19/10 3:00,539.522
11/19/10 4:00,508.274
11/19/10 5:00,468.278
11/19/10 6:00,498.484
11/19/10 7:00,497.806
11/19/10 8:00,452.216
11/19/10 9:00,591.034
11/19/10 10:00,637.62
11/19/10 11:00,639.024
11/19/10 12:00,577.352
11/19/10 13:00,486.736
11/19/10 14:00,366.374
11/19/10 15:00,222.874
11/19/10 16:00,86.496
11/19/10 17:00,33.344
11/19/10 18:00,7.018
11/19/10 19:00,0
11/19/10 20:00,0
11/19/10 21:00,0
11/19/10 22:00,0
11/19/10 23:00,0
11/20/10 0:00,0
11/20/10 1:00,0
11/20/10 2:00,0
11/20/10 3:00,0
11/20/10 4:00,0
11/20/10 5:00,0
11/20/10 6:00,0
11/20/10 7:00,0
11/20/10 8:00,0
11/20/10 9:00,0
11/20/10 10:00,0
11/20/10 11:00,0
11/20/10 12:00,0
11/20/10 13:00,0
11/20/10 14:00,0
11/20/10 15:00,0
11/20/10 16:00,0
11/20/10 17:00,6.762
11/20/10 18:00,39.698
11/20/10 19:00,99.34
11/20/10 20:00,209.986
11/20/10 21:00,345.658
11/20/10 22:00,467.69
11/20/10 23:00,564.822
11/21/10 0:00,632.108
11/21/10 1:00,637.456
11/21/10 2:00,636.306
11/21/10 3:00,637.528
11/21/10 4:00,635.902
11/21/10 5:00,639.358
11/21/10 6:00,635.65
11/21/10 7:00,638.234
11/21/10 8:00,640.932
11/21/10 9:00,636.8
11/21/10 10:00,593.642
11/21/10 11:00,421.406
11/21/10 12:00,339.31
11/21/10 13:00,329.408
11/21/10 14:00,213.018
11/21/10 15:00,138.204
11/21/10 16:00,101.852
11/21/10 17:00,42.038
11/21/10 18:00,5.746
11/21/10 19:00,0
11/21/10 20:00,0
11/21/10 21:00,0
11/21/10 22:00,0
11/21/10 23:00,0
11/22/10 0:00,0
11/22/10 1:00,0
11/22/10 2:00,0
11/22/10 3:00,0
11/22/10 4:00,0
11/22/10 5:00,0
11/22/10 6:00,0
11/22/10 7:00,0
11/22/10 8:00,0
11/22/10 9:00,0
11/22/10 10:00,0
11/22/10 11:00,0
11/22/10 12:00,0
11/22/10 13:00,0
11/22/10 14:00,0
11/22/10 15:00,0
11/22/10 16:00,0
11/22/10 17:00,4.414
11/22/10 18:00,4.474
11/22/10 19:00,37.628
11/22/10 20:00,88.074
11/22/10 21:00,39.65
11/22/10 22:00,44.892
11/22/10 23:00,71.79
11/23/10 0:00,132.568
11/23/10 1:00,120.662
11/23/10 2:00,258.032
11/23/10 3:00,156.366
11/23/10 4:00,457.13
11/23/10 5:00,323.238
11/23/10 6:00,270.086
11/23/10 7:00,201.544
11/23/10 8:00,299.306
11/23/10 9:00,258.596
11/23/10 10:00,94.534
11/23/10 11:00,70.802
11/23/10 12:00,68.832
11/23/10 13:00,47.948
11/23/10 14:00,50.636
11/23/10 15:00,39.84
11/23/10 16:00,13.008
11/23/10 17:00,1.37
11/23/10 18:00,0
11/23/10 19:00,0
11/23/10 20:00,0
11/23/10 21:00,0
11/23/10 22:00,0
11/23/10 23:00,0
11/24/10 0:00,0
11/24/10 1:00,0
11/24/10 2:00,0
11/24/10 3:00,0
11/24/10 4:00,0
11/24/10 5:00,0
11/24/10 6:00,0
11/24/10 7:00,0
11/24/10 8:00,0
11/24/10 9:00,0
11/24/10 10:00,0
11/24/10 11:00,0
11/24/10 12:00,0
11/24/10 13:00,0
11/24/10 14:00,0
11/24/10 15:00,0
11/24/10 16:00,0
11/24/10 17:00,0
11/24/10 18:00,12.486
11/24/10 19:00,44.892
11/24/10 20:00,57.712
11/24/10 21:00,94.778
11/24/10 22:00,166.622
11/24/10 23:00,230.536
11/25/10 0:00,315.798
11/25/10 1:00,460.308
11/25/10 2:00,541.35
11/25/10 3:00,622.798
11/25/10 4:00,608.862
11/25/10 5:00,570.494
11/25/10 6:00,500.816
11/25/10 7:00,411.98
11/25/10 8:00,455.678
11/25/10 9:00,475.818
11/25/10 10:00,487.838
11/25/10 11:00,311.138
11/25/10 12:00,485.866
11/25/10 13:00,407.014
11/25/10 14:00,379.3
11/25/10 15:00,222.432
11/25/10 16:00,85.29
11/25/10 17:00,30.774
11/25/10 18:00,15.108
11/25/10 19:00,0
11/25/10 20:00,0
11/25/10 21:00,0
11/25/10 22:00,0
11/25/10 23:00,0
11/26/10 0:00,0
11/26/10 1:00,0
11/26/10 2:00,0
11/26/10 3:00,0
11/26/10 4:00,0
11/26/10 5:00,0
11/26/10 6:00,0
11/26/10 7:00,0
11/26/10 8:00,0
11/26/10 9:00,0
11/26/10 10:00,0
11/26/10 11:00,0
11/26/10 12:00,0
11/26/10 13:00,0
11/26/10 14:00,0
11/26/10 15:00,0
11/26/10 16:00,0
11/26/10 17:00,7.99
11/26/10 18:00,47.6
11/26/10 19:00,108.04
11/26/10 20:00,199.14
11/26/10 21:00,270.478
11/26/10 22:00,448.74
11/26/10 23:00,560.698
11/27/10 0:00,631.624
11/27/10 1:00,636.846
11/27/10 2:00,635.466
11/27/10 3:00,637.578
11/27/10 4:00,638.468
11/27/10 5:00,638.652
11/27/10 6:00,639.98
11/27/10 7:00,638.928
11/27/10 8:00,638.786
11/27/10 9:00,638.262
11/27/10 10:00,638.484
11/27/10 11:00,630.634
11/27/10 12:00,561.574
11/27/10 13:00,467.134
11/27/10 14:00,352.558
11/27/10 15:00,222.13
11/27/10 16:00,102.02
11/27/10 17:00,43.082
11/27/10 18:00,10.786
11/27/10 19:00,0
11/27/10 20:00,0
11/27/10 21:00,0
11/27/10 22:00,0
11/27/10 23:00,0
11/28/10 0:00,0
11/28/10 1:00,0
11/28/10 2:00,0
11/28/10 3:00,0
11/28/10 4:00,0
11/28/10 5:00,0
11/28/10 6:00,0
11/28/10 7:00,0
11/28/10 8:00,0
11/28/10 9:00,0
11/28/10 10:00,0
11/28/10 11:00,0
11/28/10 12:00,0
11/28/10 13:00,0
11/28/10 14:00,0
11/28/10 15:00,0
11/28/10 16:00,0
11/28/10 17:00,13.118
11/28/10 18:00,51.812
11/28/10 19:00,115.188
11/28/10 20:00,218.646
11/28/10 21:00,323.14
11/28/10 22:00,385.26
11/28/10 23:00,516.836
11/29/10 0:00,600.376
11/29/10 1:00,596.566
11/29/10 2:00,635.836
11/29/10 3:00,634.772
11/29/10 4:00,630.264
11/29/10 5:00,638.068
11/29/10 6:00,637.06
11/29/10 7:00,636.21
11/29/10 8:00,639.602
11/29/10 9:00,637.758
11/29/10 10:00,621.978
11/29/10 11:00,617.236
11/29/10 12:00,404.8
11/29/10 13:00,280.454
11/29/10 14:00,294.882
11/29/10 15:00,211.042
11/29/10 16:00,89.782
11/29/10 17:00,51.246
11/29/10 18:00,8.422
11/29/10 19:00,0
11/29/10 20:00,0
11/29/10 21:00,0
11/29/10 22:00,0
11/29/10 23:00,0
11/30/10 0:00,0
11/30/10 1:00,0
11/30/10 2:00,0
11/30/10 3:00,0
11/30/10 4:00,0
11/30/10 5:00,0
11/30/10 6:00,0
11/30/10 7:00,0
11/30/10 8:00,0
11/30/10 9:00,0
11/30/10 10:00,0
11/30/10 11:00,0
11/30/10 12:00,0
11/30/10 13:00,0
11/30/10 14:00,0
11/30/10 15:00,0
11/30/10 16:00,0
11/30/10 17:00,0
11/30/10 18:00,13.21
11/30/10 19:00,4.722
11/30/10 20:00,14.97
11/30/10 21:00,95.856
11/30/10 22:00,138.284
11/30/10 23:00,96.392
12/1/10 0:00,204.748
12/1/10 1:00,207.972
12/1/10 2:00,220.664
12/1/10 3:00,223.478
12/1/10 4:00,141.254
12/1/10 5:00,331.972
12/1/10 6:00,533.214
12/1/10 7:00,500.08
12/1/10 8:00,531.356
12/1/10 9:00,627.318
12/1/10 10:00,639.03
12/1/10 11:00,631.228
12/1/10 12:00,566.286
12/1/10 13:00,477.816
12/1/10 14:00,361.574
12/1/10 15:00,225.21
12/1/10 16:00,90.854
12/1/10 17:00,30.908
12/1/10 18:00,8.678
12/1/10 19:00,0
12/1/10 20:00,0
12/1/10 21:00,0
12/1/10 22:00,0
12/1/10 23:00,0
12/2/10 0:00,0
12/2/10 1:00,0
12/2/10 2:00,0
12/2/10 3:00,0
12/2/10 4:00,0
12/2/10 5:00,0
12/2/10 6:00,0
12/2/10 7:00,0
12/2/10 8:00,0
12/2/10 9:00,0
12/2/10 10:00,0
12/2/10 11:00,0
12/2/10 12:00,0
12/2/10 13:00,0
12/2/10 14:00,0
12/2/10 15:00,0
12/2/10 16:00,0
12/2/10 17:00,9.314
12/2/10 18:00,52.71
12/2/10 19:00,97.968
12/2/10 20:00,156.996
12/2/10 21:00,306.922
12/2/10 22:00,442.834
12/2/10 23:00,354.248
12/3/10 0:00,379.924
12/3/10 1:00,483.16
12/3/10 2:00,195.546
12/3/10 3:00,227.168
12/3/10 4:00,311.816
12/3/10 5:00,272.768
12/3/10 6:00,231.828
12/3/10 7:00,197.98
12/3/10 8:00,266.728
12/3/10 9:00,235.198
12/3/10 10:00,239.204
12/3/10 11:00,125.246
12/3/10 12:00,138.282
12/3/10 13:00,225.748
12/3/10 14:00,137.99
12/3/10 15:00,58.374
12/3/10 16:00,40.144
12/3/10 17:00,28.206
12/3/10 18:00,0
12/3/10 19:00,0
12/3/10 20:00,0
12/3/10 21:00,0
12/3/10 22:00,0
12/3/10 23:00,0
12/4/10 0:00,0
12/4/10 1:00,0
12/4/10 2:00,0
12/4/10 3:00,0
12/4/10 4:00,0
12/4/10 5:00,0
12/4/10 6:00,0
12/4/10 7:00,0
12/4/10 8:00,0
12/4/10 9:00,0
12/4/10 10:00,0
12/4/10 11:00,0
12/4/10 12:00,0
12/4/10 13:00,0
12/4/10 14:00,0
12/4/10 15:00,0
12/4/10 16:00,0
12/4/10 17:00,12.604
12/4/10 18:00,46.392
12/4/10 19:00,116.482
12/4/10 20:00,240.91
12/4/10 21:00,370.028
12/4/10 22:00,475.87
12/4/10 23:00,560.53
12/5/10 0:00,628.254
12/5/10 1:00,635.87
12/5/10 2:00,637.052
12/5/10 3:00,638.16
12/5/10 4:00,638.484
12/5/10 5:00,383.024
12/5/10 6:00,289.22
12/5/10 7:00,324.818
12/5/10 8:00,409.146
12/5/10 9:00,376.278
12/5/10 10:00,505.378
12/5/10 11:00,595.66
12/5/10 12:00,555.212
12/5/10 13:00,295.868
12/5/10 14:00,241.388
12/5/10 15:00,85.138
12/5/10 16:00,92.352
12/5/10 17:00,38.524
12/5/10 18:00,12.434
12/5/10 19:00,0
12/5/10 20:00,0
12/5/10 21:00,0
12/5/10 22:00,0
12/5/10 23:00,0
12/6/10 0:00,0
12/6/10 1:00,0
12/6/10 2:00,0
12/6/10 3:00,0
12/6/10 4:00,0
12/6/10 5:00,0
12/6/10 6:00,0
12/6/10 7:00,0
12/6/10 8:00,0
12/6/10 9:00,0
12/6/10 10:00,0
12/6/10 11:00,0
12/6/10 12:00,0
12/6/10 13:00,0
12/6/10 14:00,0
12/6/10 15:00,0
12/6/10 16:00,0
12/6/10 17:00,12.532
12/6/10 18:00,47.802
12/6/10 19:00,121.21
12/6/10 20:00,252.624
12/6/10 21:00,387.55
12/6/10 22:00,502.614
12/6/10 23:00,583.59
12/7/10 0:00,634.47
12/7/10 1:00,637.914
12/7/10 2:00,637.026
12/7/10 3:00,638.968
12/7/10 4:00,638.49
12/7/10 5:00,637.694
12/7/10 6:00,637.72
12/7/10 7:00,638.12
12/7/10 8:00,639.582
12/7/10 9:00,638.346
12/7/10 10:00,623.582
12/7/10 11:00,605.25
12/7/10 12:00,541.132
12/7/10 13:00,454.61
12/7/10 14:00,343.516
12/7/10 15:00,218.212
12/7/10 16:00,100.02
12/7/10 17:00,33.684
12/7/10 18:00,15.326
12/7/10 19:00,0
12/7/10 20:00,0
12/7/10 21:00,0
12/7/10 22:00,0
12/7/10 23:00,0
12/8/10 0:00,0
12/8/10 1:00,0
12/8/10 2:00,0
12/8/10 3:00,0
12/8/10 4:00,0
12/8/10 5:00,0
12/8/10 6:00,0
12/8/10 7:00,0
12/8/10 8:00,0
12/8/10 9:00,0
12/8/10 10:00,0
12/8/10 11:00,0
12/8/10 12:00,0
12/8/10 13:00,0
12/8/10 14:00,0
12/8/10 15:00,0
12/8/10 16:00,0
12/8/10 17:00,6.064
12/8/10 18:00,18.36
12/8/10 19:00,45.828
12/8/10 20:00,130.444
12/8/10 21:00,85.282
12/8/10 22:00,84.752
12/8/10 23:00,112.066
12/9/10 0:00,81.674
12/9/10 1:00,63.896
12/9/10 2:00,80.95
12/9/10 3:00,73.424
12/9/10 4:00,86.754
12/9/10 5:00,135.656
12/9/10 6:00,74.584
12/9/10 7:00,68.34
12/9/10 8:00,67.794
12/9/10 9:00,71.524
12/9/10 10:00,72.262
12/9/10 11:00,110.722
12/9/10 12:00,101.372
12/9/10 13:00,107.084
12/9/10 14:00,102.52
12/9/10 15:00,56.32
12/9/10 16:00,20.296
12/9/10 17:00,0.988
12/9/10 18:00,0
12/9/10 19:00,0
12/9/10 20:00,0
12/9/10 21:00,0
12/9/10 22:00,0
12/9/10 23:00,0
12/10/10 0:00,0
12/10/10 1:00,0
12/10/10 2:00,0
12/10/10 3:00,0
12/10/10 4:00,0
12/10/10 5:00,0
12/10/10 6:00,0
12/10/10 7:00,0
12/10/10 8:00,0
12/10/10 9:00,0
12/10/10 10:00,0
12/10/10 11:00,0
12/10/10 12:00,0
12/10/10 13:00,0
12/10/10 14:00,0
12/10/10 15:00,0
12/10/10 16:00,0
12/10/10 17:00,0
12/10/10 18:00,4.052
12/10/10 19:00,8.862
12/10/10 20:00,104.474
12/10/10 21:00,268.252
12/10/10 22:00,327.244
12/10/10 23:00,306.834
12/11/10 0:00,134.314
12/11/10 1:00,81.214
12/11/10 2:00,237.716
12/11/10 3:00,305.088
12/11/10 4:00,294.782
12/11/10 5:00,406.168
12/11/10 6:00,563.982
12/11/10 7:00,469.478
12/11/10 8:00,464.528
12/11/10 9:00,553.684
12/11/10 10:00,548.958
12/11/10 11:00,620.444
12/11/10 12:00,534.35
12/11/10 13:00,456.04
12/11/10 14:00,368.444
12/11/10 15:00,236.416
12/11/10 16:00,103.228
12/11/10 17:00,33.646
12/11/10 18:00,12.03
12/11/10 19:00,0
12/11/10 20:00,0
12/11/10 21:00,0
12/11/10 22:00,0
12/11/10 23:00,0
12/12/10 0:00,0
12/12/10 1:00,0
12/12/10 2:00,0
12/12/10 3:00,0
12/12/10 4:00,0
12/12/10 5:00,0
12/12/10 6:00,0
12/12/10 7:00,0
12/12/10 8:00,0
12/12/10 9:00,0
12/12/10 10:00,0
12/12/10 11:00,0
12/12/10 12:00,0
12/12/10 13:00,0
12/12/10 14:00,0
12/12/10 15:00,0
12/12/10 16:00,0
12/12/10 17:00,27.03
12/12/10 18:00,67.27
12/12/10 19:00,96.18
12/12/10 20:00,136.634
12/12/10 21:00,180.584
12/12/10 22:00,355.11
12/12/10 23:00,523.76
12/13/10 0:00,608.758
12/13/10 1:00,639.488
12/13/10 2:00,618.664
12/13/10 3:00,539.156
12/13/10 4:00,592.818
12/13/10 5:00,613.186
12/13/10 6:00,568.62
12/13/10 7:00,535.664
12/13/10 8:00,521.12
12/13/10 9:00,594.868
12/13/10 10:00,425.31
12/13/10 11:00,236.894
12/13/10 12:00,167.324
12/13/10 13:00,79.834
12/13/10 14:00,51.114
12/13/10 15:00,40.1
12/13/10 16:00,29.222
12/13/10 17:00,18.308
12/13/10 18:00,0.232
12/13/10 19:00,0
12/13/10 20:00,0
12/13/10 21:00,0
12/13/10 22:00,0
12/13/10 23:00,0
12/14/10 0:00,0
12/14/10 1:00,0
12/14/10 2:00,0
12/14/10 3:00,0
12/14/10 4:00,0
12/14/10 5:00,0
12/14/10 6:00,0
12/14/10 7:00,0
12/14/10 8:00,0
12/14/10 9:00,0
12/14/10 10:00,0
12/14/10 11:00,0
12/14/10 12:00,0
12/14/10 13:00,0
12/14/10 14:00,0
12/14/10 15:00,0
12/14/10 16:00,0
12/14/10 17:00,3.014
12/14/10 18:00,30.886
12/14/10 19:00,85.654
12/14/10 20:00,131.732
12/14/10 21:00,250.442
12/14/10 22:00,288.976
12/14/10 23:00,405.998
12/15/10 0:00,470.56
12/15/10 1:00,600.366
12/15/10 2:00,636.322
12/15/10 3:00,635.924
12/15/10 4:00,637.51
12/15/10 5:00,637.816
12/15/10 6:00,638.76
12/15/10 7:00,568.982
12/15/10 8:00,567.35
12/15/10 9:00,622.98
12/15/10 10:00,475.988
12/15/10 11:00,187.858
12/15/10 12:00,147.7
12/15/10 13:00,105.626
12/15/10 14:00,126.164
12/15/10 15:00,126.194
12/15/10 16:00,99.548
12/15/10 17:00,56.236
12/15/10 18:00,14.306
12/15/10 19:00,0
12/15/10 20:00,0
12/15/10 21:00,0
12/15/10 22:00,0
12/15/10 23:00,0
12/16/10 0:00,0
12/16/10 1:00,0
12/16/10 2:00,0
12/16/10 3:00,0
12/16/10 4:00,0
12/16/10 5:00,0
12/16/10 6:00,0
12/16/10 7:00,0
12/16/10 8:00,0
12/16/10 9:00,0
12/16/10 10:00,0
12/16/10 11:00,0
12/16/10 12:00,0
12/16/10 13:00,0
12/16/10 14:00,0
12/16/10 15:00,0
12/16/10 16:00,0
12/16/10 17:00,20.248
12/16/10 18:00,57.266
12/16/10 19:00,120.748
12/16/10 20:00,243.332
12/16/10 21:00,324.498
12/16/10 22:00,437.236
12/16/10 23:00,550.916
12/17/10 0:00,613.552
12/17/10 1:00,631.154
12/17/10 2:00,585.342
12/17/10 3:00,576.26
12/17/10 4:00,597.494
12/17/10 5:00,601.128
12/17/10 6:00,555.182
12/17/10 7:00,478.86
12/17/10 8:00,459.652
12/17/10 9:00,330.006
12/17/10 10:00,225.954
12/17/10 11:00,217.992
12/17/10 12:00,229.618
12/17/10 13:00,229.002
12/17/10 14:00,191.838
12/17/10 15:00,151.522
12/17/10 16:00,105.332
12/17/10 17:00,63.782
12/17/10 18:00,21.71
12/17/10 19:00,0
12/17/10 20:00,0
12/17/10 21:00,0
12/17/10 22:00,0
12/17/10 23:00,0
12/18/10 0:00,0
12/18/10 1:00,0
12/18/10 2:00,0
12/18/10 3:00,0
12/18/10 4:00,0
12/18/10 5:00,0
12/18/10 6:00,0
12/18/10 7:00,0
12/18/10 8:00,0
12/18/10 9:00,0
12/18/10 10:00,0
12/18/10 11:00,0
12/18/10 12:00,0
12/18/10 13:00,0
12/18/10 14:00,0
12/18/10 15:00,0
12/18/10 16:00,0
12/18/10 17:00,22.372
12/18/10 18:00,63.162
12/18/10 19:00,138.236
12/18/10 20:00,248.058
12/18/10 21:00,364.75
12/18/10 22:00,467.638
12/18/10 23:00,550.432
12/19/10 0:00,620.376
12/19/10 1:00,638.532
12/19/10 2:00,638.94
12/19/10 3:00,637.856
12/19/10 4:00,638.16
12/19/10 5:00,638.564
12/19/10 6:00,637.182
12/19/10 7:00,638.458
12/19/10 8:00,639.394
12/19/10 9:00,639.332
12/19/10 10:00,638.564
12/19/10 11:00,583.832
12/19/10 12:00,527.744
12/19/10 13:00,433.474
12/19/10 14:00,262.632
12/19/10 15:00,233.05
12/19/10 16:00,128.634
12/19/10 17:00,64.92
12/19/10 18:00,19.468
12/19/10 19:00,0
12/19/10 20:00,0
12/19/10 21:00,0
12/19/10 22:00,0
12/19/10 23:00,0
12/20/10 0:00,0
12/20/10 1:00,0
12/20/10 2:00,0
12/20/10 3:00,0
12/20/10 4:00,0
12/20/10 5:00,0
12/20/10 6:00,0
12/20/10 7:00,0
12/20/10 8:00,0
12/20/10 9:00,0
12/20/10 10:00,0
12/20/10 11:00,0
12/20/10 12:00,0
12/20/10 13:00,0
12/20/10 14:00,0
12/20/10 15:00,0
12/20/10 16:00,0
12/20/10 17:00,8.124
12/20/10 18:00,27.852
12/20/10 19:00,48.858
12/20/10 20:00,72.176
12/20/10 21:00,64.86
12/20/10 22:00,85.6
12/20/10 23:00,117.6
12/21/10 0:00,114.276
12/21/10 1:00,123.08
12/21/10 2:00,175.54
12/21/10 3:00,194.814
12/21/10 4:00,196.54
12/21/10 5:00,196.988
12/21/10 6:00,278.444
12/21/10 7:00,202.882
12/21/10 8:00,178.176
12/21/10 9:00,108.924
12/21/10 10:00,125.356
12/21/10 11:00,97.152
12/21/10 12:00,63.016
12/21/10 13:00,30.578
12/21/10 14:00,27.846
12/21/10 15:00,17.994
12/21/10 16:00,6.764
12/21/10 17:00,0
12/21/10 18:00,0
12/21/10 19:00,0
12/21/10 20:00,0
12/21/10 21:00,0
12/21/10 22:00,0
12/21/10 23:00,0
12/22/10 0:00,0
12/22/10 1:00,0
12/22/10 2:00,0
12/22/10 3:00,0
12/22/10 4:00,0
12/22/10 5:00,0
12/22/10 6:00,0
12/22/10 7:00,0
12/22/10 8:00,0
12/22/10 9:00,0
12/22/10 10:00,0
12/22/10 11:00,0
12/22/10 12:00,0
12/22/10 13:00,0
12/22/10 14:00,0
12/22/10 15:00,0
12/22/10 16:00,0
12/22/10 17:00,0
12/22/10 18:00,3.164
12/22/10 19:00,29.224
12/22/10 20:00,36.34
12/22/10 21:00,43.976
12/22/10 22:00,48.364
12/22/10 23:00,113.938
12/23/10 0:00,80.562
12/23/10 1:00,159.702
12/23/10 2:00,228.616
12/23/10 3:00,145.96
12/23/10 4:00,143.174
12/23/10 5:00,147.872
12/23/10 6:00,156.47
12/23/10 7:00,156.018
12/23/10 8:00,133.138
12/23/10 9:00,107.124
12/23/10 10:00,94.868
12/23/10 11:00,34.276
12/23/10 12:00,57.36
12/23/10 13:00,86.638
12/23/10 14:00,17.52
12/23/10 15:00,18.43
12/23/10 16:00,18.176
12/23/10 17:00,2.714
12/23/10 18:00,0
12/23/10 19:00,0
12/23/10 20:00,0
12/23/10 21:00,0
12/23/10 22:00,0
12/23/10 23:00,0
12/24/10 0:00,0
12/24/10 1:00,0
12/24/10 2:00,0
12/24/10 3:00,0
12/24/10 4:00,0
12/24/10 5:00,0
12/24/10 6:00,0
12/24/10 7:00,0
12/24/10 8:00,0
12/24/10 9:00,0
12/24/10 10:00,0
12/24/10 11:00,0
12/24/10 12:00,0
12/24/10 13:00,0
12/24/10 14:00,0
12/24/10 15:00,0
12/24/10 16:00,0
12/24/10 17:00,0.038
12/24/10 18:00,9.84
12/24/10 19:00,76.928
12/24/10 20:00,160.092
12/24/10 21:00,167.186
12/24/10 22:00,108.536
12/24/10 23:00,162.948
12/25/10 0:00,257.522
12/25/10 1:00,299.024
12/25/10 2:00,397.55
12/25/10 3:00,406.536
12/25/10 4:00,459.66
12/25/10 5:00,445.63
12/25/10 6:00,571.888
12/25/10 7:00,516.916
12/25/10 8:00,411.494
12/25/10 9:00,570.132
12/25/10 10:00,608.198
12/25/10 11:00,340.416
12/25/10 12:00,260.252
12/25/10 13:00,172.584
12/25/10 14:00,168.79
12/25/10 15:00,189.478
12/25/10 16:00,98.854
12/25/10 17:00,46.742
12/25/10 18:00,15.53
12/25/10 19:00,0
12/25/10 20:00,0
12/25/10 21:00,0
12/25/10 22:00,0
12/25/10 23:00,0
12/26/10 0:00,0
12/26/10 1:00,0
12/26/10 2:00,0
12/26/10 3:00,0
12/26/10 4:00,0
12/26/10 5:00,0
12/26/10 6:00,0
12/26/10 7:00,0
12/26/10 8:00,0
12/26/10 9:00,0
12/26/10 10:00,0
12/26/10 11:00,0
12/26/10 12:00,0
12/26/10 13:00,0
12/26/10 14:00,0
12/26/10 15:00,0
12/26/10 16:00,0.23
12/26/10 17:00,24.142
12/26/10 18:00,66.042
12/26/10 19:00,156.53
12/26/10 20:00,275.154
12/26/10 21:00,395.992
12/26/10 22:00,500.322
12/26/10 23:00,578.24
12/27/10 0:00,632.48
12/27/10 1:00,636.414
12/27/10 2:00,636.19
12/27/10 3:00,638.782
12/27/10 4:00,638.128
12/27/10 5:00,638.352
12/27/10 6:00,637.418
12/27/10 7:00,638.082
12/27/10 8:00,639.77
12/27/10 9:00,638.138
12/27/10 10:00,639.45
12/27/10 11:00,612.026
12/27/10 12:00,536.4
12/27/10 13:00,444.536
12/27/10 14:00,341.31
12/27/10 15:00,229.692
12/27/10 16:00,118.472
12/27/10 17:00,48.588
12/27/10 18:00,18.842
12/27/10 19:00,0
12/27/10 20:00,0
12/27/10 21:00,0
12/27/10 22:00,0
12/27/10 23:00,0
12/28/10 0:00,0
12/28/10 1:00,0
12/28/10 2:00,0
12/28/10 3:00,0
12/28/10 4:00,0
12/28/10 5:00,0
12/28/10 6:00,0
12/28/10 7:00,0
12/28/10 8:00,0
12/28/10 9:00,0
12/28/10 10:00,0
12/28/10 11:00,0
12/28/10 12:00,0
12/28/10 13:00,0
12/28/10 14:00,0
12/28/10 15:00,0
12/28/10 16:00,0.386
12/28/10 17:00,25.836
12/28/10 18:00,68.43
12/28/10 19:00,146.236
12/28/10 20:00,246.912
12/28/10 21:00,356.448
12/28/10 22:00,457.198
12/28/10 23:00,544.1
12/29/10 0:00,617.434
12/29/10 1:00,635.702
12/29/10 2:00,636.676
12/29/10 3:00,636.9
12/29/10 4:00,638.158
12/29/10 5:00,639.054
12/29/10 6:00,639.03
12/29/10 7:00,640.566
12/29/10 8:00,611.146
12/29/10 9:00,523.55
12/29/10 10:00,447.326
12/29/10 11:00,378.574
12/29/10 12:00,372.578
12/29/10 13:00,269.074
12/29/10 14:00,204.886
12/29/10 15:00,125.448
12/29/10 16:00,91.634
12/29/10 17:00,57.59
12/29/10 18:00,30.01
12/29/10 19:00,0
12/29/10 20:00,0
12/29/10 21:00,0
12/29/10 22:00,0
12/29/10 23:00,0
12/30/10 0:00,0
12/30/10 1:00,0
12/30/10 2:00,0
12/30/10 3:00,0
12/30/10 4:00,0
12/30/10 5:00,0
12/30/10 6:00,0
12/30/10 7:00,0
12/30/10 8:00,0
12/30/10 9:00,0
12/30/10 10:00,0
12/30/10 11:00,0
12/30/10 12:00,0
12/30/10 13:00,0
12/30/10 14:00,0
12/30/10 15:00,0
12/30/10 16:00,0.15
12/30/10 17:00,30.828
12/30/10 18:00,79.208
12/30/10 19:00,150.516
12/30/10 20:00,244.384
12/30/10 21:00,345.578
12/30/10 22:00,447.738
12/30/10 23:00,527.432
12/31/10 0:00,592.85
12/31/10 1:00,635.308
12/31/10 2:00,637.132
12/31/10 3:00,637.642
12/31/10 4:00,638.836
12/31/10 5:00,636.692
12/31/10 6:00,637.562
12/31/10 7:00,638.244
12/31/10 8:00,639.048
12/31/10 9:00,637.428
12/31/10 10:00,634.614
12/31/10 11:00,582.772
12/31/10 12:00,512.254
12/31/10 13:00,430.226
12/31/10 14:00,340.05
12/31/10 15:00,228.802
12/31/10 16:00,122.304
12/31/10 17:00,61.91
12/31/10 18:00,21.928
12/31/10 19:00,0
12/31/10 20:00,0
12/31/10 21:00,0
12/31/10 22:00,0
